Title,Year,Directors,tmdbID,imdbID
...altrimenti ci arrabbiamo!,1974,Marcello Fondato,6916,tt0069697
(500) giorni insieme,2009,Marc Webb,19913,tt1022603
2 cavalieri a Londra,2003,David Dobkin,6038,tt0300471
2 Fast 2 Furious,2003,John Singleton,584,tt0322259
2 single a nozze,2005,David Dobkin,9522,tt0396269
5 cm al secondo,2007,新海誠,38142,tt0983213
007 - Bersaglio mobile,1985,John Glen,707,tt0090264
007 - Vendetta privata,1989,John Glen,709,tt0097742
007 - Zona pericolo,1987,John Glen,708,tt0093428
"A 007, dalla Russia con amore",1963,Terence Young,657,tt0057076
9 settimane e ½  - La conclusione,1997,Anne Goursaud,18167,tt0119576
10.000 A.C.,2008,Roland Emmerich,7840,tt0443649
11 donne a Parigi,2014,Audrey Dana,273169,tt3098306
Il 13° guerriero,1999,John McTiernan,1911,tt0120657
20.000 leghe sotto i mari,1954,Richard Fleischer,173,tt0046672
50 volte il primo bacio,2004,Peter Segal,1824,tt0343660
55 giorni a Pechino,1963,Nicholas Ray,27759,tt0056800
58 minuti per morire - Die Harder,1990,Renny Harlin,1573,tt0099423
300,2007,Zack Snyder,1271,tt0416449
1918 - I giorni del coraggio,2017,Saul Dibb,438259,tt3780500
1941 - Allarme a Hollywood,1979,Steven Spielberg,11519,tt0078723
1941 - Fuga da Leningrado,2019,Alexey Kozlov,571419,tt9598172
2001: Odissea nello spazio,1968,Stanley Kubrick,62,tt0062622
2012,2009,"Roland Emmerich, Alena Garetovskaya",14161,tt1190080
A.I. - Intelligenza Artificiale,2001,Steven Spielberg,644,tt0212720
Abbasso l'amore,2003,Peyton Reed,10720,tt0309530
The Accountant 2,2025,Gavin O'Connor,870028,tt7068946
Ace Ventura - Missione Africa,1995,Steve Oedekerk,9273,tt0112281
Acque profonde,2022,Adrian Lyne,619979,tt2180339
Ad astra,2019,,419704,tt2935510
Adaline - L'eterna giovinezza,2015,Lee Toland Krieger,293863,tt1655441
Affondate la Bismarck!,1960,Lewis Gilbert,18780,tt0054310
After Earth,2013,M. Night Shyamalan,82700,tt1815862
Agente 007 - Al servizio segreto di Sua Maestà,1969,Peter R. Hunt,668,tt0064757
Agente 007 - Licenza di uccidere,1962,Terence Young,646,tt0055928
Agente 007 - L'uomo dalla pistola d'oro,1974,Guy Hamilton,682,tt0071807
Agente 007 - Missione Goldfinger,1964,Guy Hamilton,658,tt0058150
Agente 007 - Si vive solo due volte,1967,Lewis Gilbert,667,tt0062512
Agente 007 - Thunderball - Operazione tuono,1965,Terence Young,660,tt0059800
Agente 007 - Una cascata di diamanti,1971,Guy Hamilton,681,tt0066995
Agente 007 - Vivi e lascia morire,1973,Guy Hamilton,253,tt0070328
Air - La storia del grande salto,2023,Ben Affleck,964980,tt16419074
Air Force One,1997,Wolfgang Petersen,9772,tt0118571
Al di là delle montagne,2015,贾樟柯,314388,tt3740778
Al vertice della tensione,2002,Phil Alden Robinson,4614,tt0164184
Aladdin,2019,Guy Ritchie,420817,tt6139732
Aladdin,1992,"John Musker, Ron Clements",812,tt0103639
Alba rossa,1984,John Milius,1880,tt0087985
Ale E Franz Live Ernesto,2010,,,
Alex Rider - Stormbreaker,2006,Geoffrey Sax,9978,tt0457495
Alexander,2004,Oliver Stone,1966,tt0346491
Alice in Wonderland,2010,Tim Burton,12155,tt1014759
Alice nel paese delle meraviglie,1951,"Clyde Geronimi, Wilfred Jackson, Hamilton Luske",12092,tt0043274
Alien: Romulus,2024,Fede Álvarez,945961,tt18412256
Alita - Angelo della battaglia,2019,Robert Rodriguez,399579,tt0437086
Alla ricerca dell'isola di Nim,2008,"Jennifer Flackett, Mark Levin",10488,tt0410377
Alla ricerca di Dory,2016,Andrew Stanton,127380,tt2277860
Allegiant,2016,Robert Schwentke,262504,tt3410834
Allied - Un'ombra nascosta,2016,Robert Zemeckis,369885,tt3640424
All'inseguimento della pietra verde,1984,Robert Zemeckis,9326,tt0088011
Alta tensione,1977,Mel Brooks,12535,tt0076141
Alvin Superstar,2007,"Lorne Green, Tim Hill",6477,tt0952640
Alvin Superstar,2007,"Lorne Green, Tim Hill",6477,tt0952640
Alvin Superstar 2,2009,Betty Thomas,23398,tt1231580
Gli amanti del Nilo,2002,Éric Heumann,119692,tt0279871
Amazing Grace,2006,Michael Apted,15163,tt0454776
The Amazing Spider-Man 2 - Il potere di Electro,2014,Marc Webb,102382,tt1872181
The Amazing Spider-Man 2 - Il potere di Electro,2014,Marc Webb,102382,tt1872181
Amelia,2009,Mira Nair,8915,tt1129445
Il favoloso mondo di Amélie,2001,Jean-Pierre Jeunet,194,tt0211915
American History X,1998,Tony Kaye,73,tt0120586
American Psycho,2000,Mary Harron,1359,tt0144084
Amerikatsi,2022,"Michael A. Goorjian, Marina Mesropyan",998757,tt13616368
Amiche da morire,2013,"Giorgia Farina, Gabriella Giannattasio",173847,tt2343371
Amore e inganni,2016,Whit Stillman,296360,tt3068194
Amsterdam,2022,,664469,tt10304142
Anatomia di una caduta,2023,Justine Triet,915935,tt17009710
Andiamo a quel paese,2014,"Valentino Picone, Salvatore Ficarra",301272,tt4065308
Angeli e demoni,2009,Ron Howard,13448,tt0808151
Animal Crossing: The Movie,2006,志村錠児,20523,tt1190545
Animal House,1978,John Landis,8469,tt0077975
Animali fantastici - I crimini di Grindelwald,2018,David Yates,338952,tt4123430
Animali fantastici e dove trovarli,2016,David Yates,259316,tt3183660
Anna and the King,1999,Andy Tennant,1439,tt0166485
Anna dei miracoli,1962,Arthur Penn,1162,tt0056241
Un anno senza Babbo Natale,2006,Ron Underwood,50577,tt0828465
Anon,2018,Andrew Niccol,396806,tt5397194
Ant-Man,2015,Peyton Reed,102899,tt0478970
Ant-Man and the Wasp,2018,Peyton Reed,363088,tt5095030
Ant-Man and the Wasp: Quantumania,2023,Peyton Reed,640146,tt10954600
"Apocalypse, Verdun",2016,"Daniel Costelle, Isabelle Clarke, Florence Sarrazin Mounier",1363450,tt5263734
Apollo 13,1995,Ron Howard,568,tt0112384
Appuntamento sotto il letto,1968,Melville Shavelson,27983,tt0063829
Aquaman,2018,James Wan,297802,tt1477834
Arancia meccanica,1971,Stanley Kubrick,185,tt0066921
Archangel,2005,Bryan Edward Hill,,tt0426911
Argo,2012,Ben Affleck,68734,tt1024648
Arma letale,1987,Richard Donner,941,tt0093409
Arma letale 2,1989,Richard Donner,942,tt0097733
Arma letale 3,1992,Richard Donner,943,tt0104714
Arma letale 4,1998,Richard Donner,944,tt0122151
Arrietty - Il mondo segreto sotto il pavimento,2010,米林宏昌,51739,tt1568921
Arrival,2016,Denis Villeneuve,329865,tt2543164
Arrivano i prof,2018,Ivan Silvestrini,516043,tt7279014
Arrriva Dorellik,1968,Steno,155539,tt0062677
The Artist,2011,Michel Hazanavicius,74643,tt1655442
Assassinio sull'Orient Express,2017,Kenneth Branagh,392044,tt3402236
Assassin's Creed,2016,Justin Kurzel,121856,tt2094766
The Assessment - La valutazione,2025,Fleur Fortuné,1317088,tt32768323
Asterix & la grande guerra,1989,Philippe Grimond,11625,tt0096842
Asterix conquista l'America,1994,Gerhard Hahn,9369,tt0109162
Asterix e Cleopatra,1968,"René Goscinny, Albert Uderzo",9929,tt0062687
Asterix e i Vichinghi,2006,"Jesper Møller, Stefan Fjeldmark",9642,tt0371552
Asterix e il regno degli Dei,2014,"Alexandre Astier, Louis Clichy",170522,tt3759416
Asterix e la pozione magica,1986,Pino Van Lamsweerde,9318,tt0090667
Asterix E Le Dodici Fatiche,1975,,,
Asterix il gallico,1967,Ray Goossens,11047,tt0061369
Asteroid City,2023,,747188,tt14230388
Astro Boy,2009,David Bowers,16577,tt0375568
A-Team,2010,Joe Carnahan,34544,tt0429493
Atelier Fontana - Le sorelle della moda,2011,Riccardo Milani,85463,tt1773188
Atlantis - Il ritorno di Milo,2003,"Victor Cook, Tad Stones, Toby Shelton",8965,tt0344864
Atlantis - L'impero perduto,2001,"Gary Trousdale, Kirk Wise",10865,tt0230011
Atomica bionda,2017,David Leitch,341013,tt2406566
Attacco al potere 2,2016,Babak Najafi,267860,tt3300542
Attacco a Leningrado,2009,Александр Буравский,2325,tt0432314
Attente ai marinai!,1952,Hal Walker,39015,tt0043989
L'attimo fuggente,1989,Peter Weir,207,tt0097165
Au hasard Balthazar,1966,Robert Bresson,20108,tt0060138
Austin Powers - La spia che ci provava,1999,Jay Roach,817,tt0145660
Austin Powers in Goldmember,2002,Jay Roach,818,tt0295178
Austin Powers International Man Of Mistery,1997,,,
Australia,2008,Baz Luhrmann,6972,tt0455824
Avatar,2009,James Cameron,19995,tt0499549
"Ave, Cesare!",2016,"Joel Coen, Ethan Coen",270487,tt0475290
The Avengers,2012,Joss Whedon,24428,tt0848228
Avengers: Age of Ultron,2015,Joss Whedon,99861,tt2395427
Avengers: Endgame,2019,,299534,tt4154796
Avengers: Infinity War,2018,,299536,tt4154756
The Aviator,2004,Martin Scorsese,2567,tt0338751
Babel,2006,Alejandro González Iñárritu,1164,tt0449467
Balla coi lupi,1990,Kevin Costner,581,tt0099348
Balle spaziali,1987,Mel Brooks,957,tt0094012
Ballerina,2016,"Eric Summer, Éric Warin",342473,tt2261287
Ballerina,2025,Len Wiseman,541671,tt7181546
Balto,1995,Simon Wells,21032,tt0112453
Bambi,1942,David Hand,3170,tt0034492
Bambi 2 - Bambi e il grande principe della foresta,2006,Brian Pimental,13205,tt0447854
Bandito sì... ma d'onore,1962,Jean Chérasse,188567,tt0055587
"Bangkok, senza ritorno",1999,Jonathan Kaplan,17707,tt0120620
Bao,2018,Domee Shi,514754,tt8075496
Barbarossa,2009,Renzo Martinelli,45559,tt1242516
Il barone di Munchausen,1979,Jean Image,118266,tt0338018
Barry Lyndon,1975,Stanley Kubrick,3175,tt0072684
Basic Instinct,1992,Paul Verhoeven,402,tt0103772
Bastardi senza gloria,2009,Quentin Tarantino,16869,tt0361748
Batman Begins,2005,Christopher Nolan,272,tt0372784
Battleship,2012,Peter Berg,44833,tt1440129
Beato tra le donne,1970,Serge Korber,36179,tt0065848
Beautiful Boy,2018,"Rob Swanson, Rich King, Felix van Groeningen",451915,tt1226837
A Beautiful Mind,2001,Ron Howard,453,tt0268978
Becoming Jane - Il ritratto di una donna contro,2007,Julian Jarrold,2977,tt0416508
Bee Movie,2007,"Simon J. Smith, Steve Hickner",5559,tt0389790
Beetlejuice Beetlejuice,2024,Tim Burton,917496,tt2049403
Behind Enemy Lines - Dietro le linee nemiche,2001,John Moore,8007,tt0159273
Bel Ami l'idolo delle donne,1939,Willi Forst,263528,tt0031092
The Believer,2001,Henry Bean,4012,tt0247199
Belle & Sebastien,2013,"Nicolas Vanier, Michael Berreby",204668,tt3146360
Belle & Sebastien - Amici per sempre,2018,Clovis Cornillac,434358,tt6449336
Belle & Sebastien - L'avventura continua,2015,Christian Duguay,334304,tt4083850
Ben-Hur,2016,Тимур Бекмамбетов,271969,tt2638144
Benvenuti... ma non troppo,2015,Alexandra Leclère,366566,tt1659611
Benvenuti a Marwen,2018,Robert Zemeckis,351044,tt3289724
Better Days,2019,曾国祥,575813,tt9586294
Better Man,2024,Michael Gracey,799766,tt14260836
Beverly Hills Cop - Un piedipiatti a Beverly Hills,1984,Martin Brest,90,tt0086960
Beverly Hills Cop II - Un piedipiatti a Beverly Hills II,1987,Tony Scott,96,tt0092644
Beverly Hills Cop III - Un piedipiatti a Beverly Hills III,1994,John Landis,306,tt0109254
Bianca e Bernie nella terra dei canguri,1990,"Hendel Butoy, Mike Gabriel, Mary V. Buck, Susan Edelman",11135,tt0100477
Biancaneve,2012,Tarsem Singh,62764,tt1667353
Biancaneve e il cacciatore,2012,Rupert Sanders,58595,tt1735898
La Bibbia,1966,John Huston,2525,tt0060164
A Big Bold Beautiful Journey - Un viaggio straordinario,2025,Kogonada,1241921,tt13650700
Big Game - Caccia al presidente,2014,Jalmari Helander,230179,tt2088003
Big Hero 6,2014,,177572,tt2245084
Bingo Bongo,1982,Pasquale Festa Campanile,62029,tt0083655
Black Thunder - Sfida ad alta quota,2007,Michael Keusch,24351,tt0783518
Black Widow,2021,Cate Shortland,497698,tt3480822
BlackBerry,2023,Matt Johnson,1016084,tt21867434
Blade Runner,1982,Ridley Scott,78,tt0083658
Blade Runner 2049,2017,,335984,tt1856101
Blind Horizon - Attacco al potere,2003,Michael Haussman,24619,tt0337881
Blonde,2022,Andrew Dominik,301502,tt1655389
Blood Brothers,1973,張徹,64363,tt0069881
The Blues Brothers - I fratelli Blues,1980,John Landis,525,tt0080455
Boeing Boeing,1965,John Rich,38655,tt0058981
Bohemian Rhapsody,2018,,424694,tt1727824
Bolt - Un eroe a quattro zampe,2008,"Chris Williams, Byron Howard, Curtis A. Koller",13053,tt0397892
Bomber,1982,Michele Lupo,11614,tt0083675
Boog & Elliot 2,2008,Matthew O'Callaghan,13690,tt1107365
Boog & Elliot 3,2010,Cody Cameron,51170,tt1646926
Boog & Elliot a caccia di amici,2006,"Roger Allers, Jill Culton",7484,tt0400717
Botte di Natale,1994,Terence Hill,9287,tt0109321
The Bourne Identity,2002,Doug Liman,2501,tt0258463
Bridget Jones's Baby,2016,Sharon Maguire,95610,tt1473832
Bright Star,2009,Jane Campion,29963,tt0810784
A Brighter Summer Day,1991,楊德昌,15804,tt0101985
The Brutalist,2024,Brady Corbet,549509,tt8999762
Le avventure di Buckaroo Banzai nella quarta dimensione,1984,W.D. Richter,11379,tt0086856
Bufera in paradiso,1994,George Gallo,23719,tt0111477
Bugiardo bugiardo,1997,"Tom Shadyac, Joe McGlynn",1624,tt0119528
Bugonia,2025,Yórgos Lánthimos,701387,tt12300742
A Bug's Life - Megaminimondo,1998,John Lasseter,9487,tt0120623
Il buio oltre la siepe,1962,Robert Mulligan,595,tt0056592
Bullet Train,2022,David Leitch,718930,tt12593682
Bumblebee,2018,Travis Knight,424783,tt4701182
BURN·E,2008,Angus MacLane,13413,tt1334585
La bussola d'oro,2007,Chris Weitz,2268,tt0385752
The Butler - Un maggiordomo alla Casa Bianca,2013,Lee Daniels,132363,tt1327773
Buzz a sorpresa,2011,Angus MacLane,82424,tt2033372
Caccia alla volpe,1966,"Vittorio De Sica, Valentina Sturla",19137,tt0060200
Caccia a Ottobre Rosso,1990,John McTiernan,1669,tt0099810
Il cacciatore di aquiloni,2007,Marc Forster,7979,tt0419887
Il cacciatore di giganti,2013,Bryan Singer,81005,tt1351685
Il cacciatore e la regina di ghiaccio,2016,Cedric Nicolas-Troyan,290595,tt2381991
Cado dalle nubi,2009,Gennaro Nunziante,35554,tt1526741
Callas Forever,2002,Franco Zeffirelli,47959,tt0274407
Camera con vista,1986,James Ivory,11257,tt0091867
Il cammino della speranza,1950,Pietro Germi,57628,tt0042301
La campana del convento,1951,Douglas Sirk,77066,tt0044128
Cani e gatti - La vendetta di Kitty,2010,Brad Peyton,39691,tt1287468
Capitan Harlock,2013,荒牧伸志,192577,tt2668134
Cappuccetto rosso sangue,2011,Catherine Hardwicke,49730,tt1486185
Captain America - Il primo vendicatore,2011,Joe Johnston,1771,tt0458339
Captain America: Civil War,2016,,271110,tt3498820
Captain America: The Winter Soldier,2014,"Joe Russo, Anthony Russo",100402,tt1843866
Captain Marvel,2019,"Ryan Fleck, Anna Boden",299537,tt4154664
The Captive: Scomparsa,2014,Atom Egoyan,244761,tt2326612
Carl Attrezzi e la luce fantasma,2006,John Lasseter,13934,tt0901686
Cars - Motori ruggenti,2006,John Lasseter,920,tt0317219
Cars 2,2011,John Lasseter,49013,tt1216475
A casa con i suoi,2006,Tom Dey,6877,tt0427229
Casablanca,1943,Michael Curtiz,289,tt0034583
Casino Royale,2006,"Martin Campbell, Jane Jenkins",36557,tt0381061
Il caso Winslow,1999,David Mamet,28519,tt0155388
Cast Away,2000,Robert Zemeckis,8358,tt0162222
Cattivissimo me,2010,"Pierre Coffin, Chris Renaud",20352,tt1323594
Cattivissimo me 3,2017,"Pierre Coffin, Kyle Balda",324852,tt3469046
C'è ancora domani,2023,Paola Cortellesi,1026227,tt21800162
Cena con delitto - Knives Out,2019,Rian Johnson,546554,tt8946378
A cena con un cretino,2010,Jay Roach,38778,tt0427152
La cena dei cretini,1998,Francis Veber,9421,tt0119038
Cena tra amici,2012,"Alexandre de La Patellière, Matthieu Delaporte",112198,tt2179121
Cenerentola,2015,Kenneth Branagh,150689,tt1661199
Centochiodi,2007,Ermanno Olmi,24165,tt0985597
Central do Brasil,1998,Walter Salles,666,tt0140888
Centro Feste,2014,Kelsey Mann,258152,tt3116154
Centurion,2010,Neil Marshall,23759,tt1020558
C'era una volta a… Hollywood,2019,Quentin Tarantino,466272,tt7131622
C'era una volta in America,1984,Sergio Leone,311,tt0087843
C'era una volta in Bhutan,2023,Pawo Choyning Dorji,1109237,tt15560314
Cercasi amore per la fine del mondo,2012,Lorene Scafaria,88005,tt1307068
Changeling,2008,Clint Eastwood,3580,tt0824747
Chaos Walking,2021,Doug Liman,412656,tt2076822
Charlie - Anche i cani vanno in paradiso,1989,Don Bluth,11497,tt0096787
Che bella giornata,2011,Gennaro Nunziante,53319,tt1808015
"Che colpo, B.O.B.!",2009,Robert Porter,24884,tt1542599
Che vita da cani!,1991,Mel Brooks,6524,tt0102303
Chef,2012,Daniel Cohen,85872,tt1911553
Chiamatemi Francesco - Il Papa della gente,2015,Daniele Luchetti,370980,tt3856124
Chicken Little - Amici per le penne,2005,Mark Dindal,9982,tt0371606
Chinatown,1974,Roman Polanski,829,tt0071315
Chinese Zodiac,2012,Jackie Chan,98567,tt1424310
Chissà perché... capitano tutte a me,1980,Michele Lupo,11039,tt0080530
Cinque settimane in pallone,1962,Irwin Allen,42996,tt0055988
The Circle,2017,James Ponsoldt,339988,tt4287320
La città proibita,2025,Gabriele Mainetti,1127674,tt27766538
Citty Citty Bang Bang,1968,Ken Hughes,11708,tt0062803
Civiltà perduta,2017,James Gray,314095,tt1212428
Clerks - Commessi,1994,Kevin Smith,2292,tt0109445
Clerks II,2006,Kevin Smith,2295,tt0424345
Clifford the Big Red Dog: A Big Help!,2008,,382059,tt0425637
Il club di Jane Austen,2007,Robin Swicord,5951,tt0866437
Cobra,1986,George P. Cosmatos,9874,tt0090859
Coco,2017,Lee Unkrich,354912,tt2380307
Coco avant Chanel - L'amore prima del mito,2009,Anne Fontaine,11156,tt1035736
Il codice da Vinci,2006,"Ron Howard, Jane Jenkins",591,tt0382625
Colette - Un amore più forte di tutto,2013,Milan Cieslar,256120,tt2679576
Collateral Beauty,2016,David Frankel,345920,tt4682786
Colorful,2010,原恵一,64246,tt1677561
Colossal,2017,Nacho Vigalondo,339967,tt4680182
Colpi proibiti,1990,Deran Sarafian,17466,tt0099385
Colpo grosso al drago rosso - Rush Hour 2,2001,Brett Ratner,5175,tt0266915
Comandante,2023,"Edoardo De Angelis, Gabriella Giannattasio",1047016,tt23573936
Come d'incanto,2007,Kevin Lima,4523,tt0461770
Come farsi lasciare in 10 giorni,2003,Donald Petrie,9919,tt0251127
Come ti divento bella,2018,"Abby Kohn, Marc Silverstein",460668,tt6791096
Come un gatto in tangenziale,2017,Riccardo Milani,492282,tt7129926
Commando,1985,Mark L. Lester,10999,tt0088944
I complessi,1965,"Franco Rossi, Luigi Filippo D'Amico, Dino Risi",77140,tt0059051
A Complete Unknown,2024,James Mangold,661539,tt11563598
Conan il barbaro,1982,John Milius,9387,tt0082198
Il concerto,2009,Radu Mihăileanu,25205,tt1320082
La congiura della pietra nera,2010,Su Chaobin,44092,tt1460743
I conquistatori degli abissi,1965,Andrew Marton,26158,tt0060126
Contact,1997,Robert Zemeckis,686,tt0118884
La contessa bianca,2005,James Ivory,18840,tt0384686
Controfigura per un delitto,1970,Jerry Lewis,33733,tt0066183
Convoglio verso l'ignoto,1943,Lloyd Bacon,23051,tt0035608
La corsa più pazza d'America,1981,Hal Needham,11286,tt0082136
Corsa a Witch Mountain,2009,Andy Fickman,13836,tt1075417
Il corsaro dell'isola verde,1952,Robert Siodmak,11570,tt0044517
Il corsaro nero,1976,Sergio Sollima,104335,tt0074349
Cosetta,1927,Clarence G. Badger,82283,tt0018033
Countdown,2019,"Bill Dance, Justin Dec, Rich Delia",599975,tt10039344
Crash - Contatto fisico,2005,Paul Haggis,1640,tt0375679
Crazy & Rich,2018,Jon M. Chu,455207,tt3104988
"Crazy, Stupid, Love.",2011,"Glenn Ficarra, John Requa",50646,tt1570728
Cricchetto e la macchina del tempo,2012,Rob Gibbs,141528,tt2166364
Cricchetto pilota con brevetto,2011,Rob Gibbs,145316,tt2100093
Cristiada,2012,Dean Wright,96399,tt1566501
Le crociate - Kingdom of Heaven,2005,Ridley Scott,1495,tt0320661
Crudelia,2021,Craig Gillespie,337404,tt3228774
Il curioso caso di Benjamin Button,2008,David Fincher,4922,tt0421715
Cyrano,2021,,730047,tt12889404
Dal tramonto all'alba,1996,Robert Rodriguez,755,tt0116367
Damasco '25,1951,Curtis Bernhardt,30025,tt0044040
A Dangerous Method,2011,David Cronenberg,48231,tt1571222
The Danish Girl,2015,Tom Hooper,306819,tt0810819
Danko,1988,Walter Hill,9604,tt0095963
Dante's Peak - La furia della montagna,1997,Roger Donaldson,9619,tt0118928
Daredevil,2003,Mark Steven Johnson,9480,tt0287978
The Day After Tomorrow - L'alba del giorno dopo,2004,Roland Emmerich,435,tt0319262
Deadpool,2016,Tim Miller,293660,tt1431045
Decision to Leave,2022,Park Chan-wook,705996,tt12477480
Deep Impact,1998,Mimi Leder,8656,tt0120647
Deepwater - Inferno sull'Oceano,2016,Peter Berg,296524,tt1860357
Déjà Vu - Corsa contro il tempo,2006,"Tony Scott, Judith Bouley",7551,tt0453467
Descendants,2015,Kenny Ortega,277217,tt3440298
Diabolik,2021,,593395,tt9381682
Diabolik,1968,"Mario Bava, Guidarino Guidi",2994,tt0062861
I diari della motocicletta,2004,Walter Salles,1653,tt0318462
Il diavolo veste Prada,2006,David Frankel,350,tt0458352
Dickens: l'uomo che inventò il Natale,2017,"Bharat Nalluri, Tim Morris",450322,tt6225520
Die Hard - Duri a morire,1995,John McTiernan,1572,tt0112864
Die Hard - Un buon giorno per morire,2013,John Moore,47964,tt1606378
Die Hard - Vivere o morire,2007,Len Wiseman,1571,tt0337978
Il diritto di uccidere,2015,Gavin Hood,333352,tt2057392
Dirty Dancing - Balli proibiti,1987,Emile Ardolino,88,tt0092890
Il discorso del re,2010,Tom Hooper,45269,tt1504320
District 9,2009,Neill Blomkamp,17654,tt1136608
La diva Julia,2004,Szabó István,18701,tt0340012
Divergent,2014,Neil Burger,157350,tt1840309
Doctor Strange,2016,Scott Derrickson,284052,tt1211837
Un dollaro d'onore,1959,Howard Hawks,301,tt0053221
Don Bosco,2004,Lodovico Gasparini,122977,tt0416694
Don Gnocchi - L'angelo dei bimbi,2004,Cinzia TH Torrini,72561,tt0437160
Donnie Darko,2001,Richard Kelly,141,tt0246578
Doraemon - Il film,2014,"Takashi Yamazaki, 八木竜一",265712,tt3331846
Dorian Gray,2009,Oliver Parker,23488,tt1235124
Il dottor Dolittle,1998,Betty Thomas,3050,tt0118998
Il dottor Dolittle 2,2001,Steve Carr,10808,tt0240462
Il dottor Dolittle 3,2006,Rich Thorne,18843,tt0481513
"Il dottor Stranamore, ovvero: come ho imparato a non preoccuparmi e ad amare la bomba",1964,Stanley Kubrick,935,tt0057012
Dove eravamo rimasti,2015,Jonathan Demme,275601,tt3623726
Dove vai sono guai!,1963,Frank Tashlin,42305,tt0057683
Il drago del lago di fuoco,1981,Matthew Robbins,848,tt0082288
Dragon Trainer,2010,"Dean DeBlois, Chris Sanders",10191,tt0892769
Dragon Trainer 2,2014,Dean DeBlois,82702,tt1646971
La duchessa,2008,Saul Dibb,12783,tt0864761
Dumbo,2019,Tim Burton,329996,tt3861390
Dumbo,1941,"Ben Sharpsteen, Bill Roberts, Samuel Armstrong, Wilfred Jackson, Jack Kinney, Norman Ferguson",11360,tt0033563
Dungeons & Dragons - L'onore dei ladri,2023,"John Francis Daley, Jonathan Goldstein",493529,tt2906216
Dunkirk,2017,Christopher Nolan,374720,tt5013056
È nata una star?,2012,Lucio Pellegrini,97836,tt2322683
È stata la mano di Dio,2021,Paolo Sorrentino,722778,tt12680684
E.T. l'extra-terrestre,1982,Steven Spielberg,601,tt0083866
Echo Valley,2025,Michael Pearce,1097311,tt27052633
Ed Wood,1994,Tim Burton,522,tt0109707
Eden,2025,Ron Howard,1042834,tt23149780
Edge of Tomorrow - Senza domani,2014,Doug Liman,137113,tt1631867
Edison - L'uomo che illuminò il mondo,2018,Alfonso Gomez-Rejon,418879,tt2140507
El Camino: Il film di Breaking Bad,2019,"Vince Gilligan, Kathryn Wamego",559969,tt9243946
Elegia americana,2020,Ron Howard,592984,tt6772802
Elektra,2005,Rob Bowman,9947,tt0357277
Elio,2025,"Domee Shi, Madeline Sharafian",1022787,tt4900148
Elizabeth,1998,Shekhar Kapur,4518,tt0127536
Ella e il principe segreto,2018,Lynne Southerland,543583,tt6241270
Ella Enchanted - Il magico mondo di Ella,2004,Tommy O'Haver,14442,tt0327679
"Elliott, il drago invisibile",1977,Don Chaffey,11114,tt0076538
Elysium,2013,Neill Blomkamp,68724,tt1535108
Ember - Il mistero della città di luce,2008,Gil Kenan,13600,tt0970411
Emma,1996,Diarmuid Lawrence,12254,tt0118308
Encanto,2021,"Byron Howard, Jared Bush",568124,tt2953050
Enemy,2014,Denis Villeneuve,181886,tt2316411
Ennio,2022,Giuseppe Tornatore,396194,tt3031654
Entergalactic,2022,Fletcher Moules,1027014,tt10687116
Epic - Il mondo segreto,2013,Chris Wedge,116711,tt0848537
Epic Movie,2007,"Aaron Seltzer, Jason Friedberg",9760,tt0799949
Era mio padre,2002,Sam Mendes,4147,tt0257044
Eragon,2006,Stefen Fangmeier,2486,tt0449010
Escape Plan 3 - L'ultima Sfida,2019,John Herzfeld,480042,tt6772804
Essere o non essere,1983,Alan Johnson,22998,tt0086450
L'età dell'innocenza,1993,Martin Scorsese,10436,tt0106226
Eternity,2025,David Freyne,1259102,tt24950660
EuroTrip,2004,Jeff Schaffer,9352,tt0356150
Evangelion corto 30° anniversario,2025,,,
Evangelion: 1.11 You Are (Not) Alone,2007,"摩砂雪, 鶴巻和哉, Hideaki Anno",15137,tt0923811
Evangelion: 2.22 You Can (Not) Advance,2009,"摩砂雪, 鶴巻和哉, Hideaki Anno",22843,tt0860906
Evangelion: 3.0+1.0 Thrice Upon A Time,2021,"中山勝一, 鶴巻和哉, 前田真宏, Hideaki Anno",283566,tt2458948
Evangelion: 3.33 You Can (Not) Redo,2012,"Hideaki Anno, 鶴巻和哉, 摩砂雪, 前田真宏",75629,tt0860907
Ex Machina,2015,Alex Garland,264660,tt0470752
Eyes Wide Shut,1999,Stanley Kubrick,345,tt0120663
F.B.I. operazione gatto,1965,Robert Stevenson,20723,tt0059793
F1 - Il film,2025,Joseph Kosinski,911430,tt16311594
Fa' la cosa giusta,1989,Spike Lee,925,tt0097216
Fabiola,1949,Alessandro Blasetti,167603,tt0041342
Fahrenheit 11/9,2018,Michael Moore,532908,tt8632862
Fahrenheit 451,2018,Ramin Bahrani,401905,tt0360556
Fahrenheit 451,1966,"François Truffaut, Miriam Brickman",1714,tt0060390
The Fallout - La vita dopo,2021,,795514,tt11847410
Il falsario - Operazione Bernhard,2007,Stefan Ruzowitzky,7862,tt0813547
The Family Man,2000,Brett Ratner,5994,tt0218967
Fantasia,1940,"Wilfred Jackson, Bill Roberts, Paul Satterfield, Samuel Armstrong, Jim Handley, T. Hee, Hamilton Luske, Ben Sharpsteen, James Algar, Norman Ferguson, David Hand, Ford Beebe Jr.",756,tt0032455
Fantasia 2000,2000,"James Algar, Gaëtan Brizzi, Paul Brizzi, Hendel Butoy, Francis Glebas, Eric Goldberg, Don Hahn, Pixote Hunt",49948,tt0120910
Fantastic Mr. Fox,2009,Wes Anderson,10315,tt0432283
Fast & Furious - Hobbs & Shaw,2019,,384018,tt6806448
Fast & furious - Solo parti originali,2009,Justin Lin,13804,tt1013752
Fast & Furious 5,2011,Justin Lin,51497,tt1596343
Fast & furious 6,2013,Justin Lin,82992,tt1905041
Fast & Furious 7,2015,James Wan,168259,tt2820852
Fast & Furious 8,2017,F. Gary Gray,337339,tt4630562
Fast & Furious 9: The Fast Saga,2021,Justin Lin,385128,tt5433138
Fast and Furious,2001,Rob Cohen,9799,tt0232500
The Fast and the Furious: Tokyo Drift,2006,Justin Lin,9615,tt0463985
Fast X,2023,Louis Leterrier,385687,tt5433140
Faust,2011,Александр Сокуров,77560,tt1437357
Il favoloso dottor Dolittle,1967,Richard Fleischer,16081,tt0061584
Ferite mortali,2001,Andrzej Bartkowiak,10877,tt0242445
Festa di laurea,1985,Pupi Avati,199011,tt0089136
Fight Club,1999,David Fincher,550,tt0137523
Il figlio di Alì Babà,1952,Kurt Neumann,54422,tt0045175
Il filo nascosto,2017,Paul Thomas Anderson,400617,tt5776858
Final Fantasy,2001,Hironobu Sakaguchi,2114,tt0173840
Finalmente la felicità,2011,Leonardo Pieraccioni,79371,tt2108516
Fino all'inferno,1999,John G. Avildsen,10908,tt0139151
First Man - Il primo uomo,2018,Damien Chazelle,369972,tt1213641
Flicka - Uno spirito libero,2006,Michael Mayer,14012,tt0434215
Flicka 2 - Amiche per sempre,2010,Michael Damian,37932,tt1381767
FLOW,2024,,1281775,tt4772188
FolleMente,2025,Paolo Genovese,1312157,tt34621892
Footloose,1984,Herbert Ross,1788,tt0087277
Forzate il blocco,1942,Robert Z. Leonard,98399,tt0036386
Frankenstein,2025,Guillermo del Toro,1062722,tt1312221
Frankenstein Junior,1974,Mel Brooks,3034,tt0072431
"Fratello sole, sorella luna",1972,Franco Zeffirelli,2587,tt0069824
Freud - L'ultima analisi,2023,Matt Brown,1025491,tt20420628
Frozen - Il regno di ghiaccio,2013,"Jennifer Lee, Chris Buck",109445,tt2294629
Fuga da Reuma Park,2016,"Aldo Baglio, Giacomo Poretti, Morgan Bertacca, Giovanni Storti",419507,tt6281538
Full Metal Jacket,1987,Stanley Kubrick,600,tt0093058
Funeral Party,2007,Frank Oz,2196,tt0795368
Fuochi d'artificio,1997,Leonardo Pieraccioni,60047,tt0119169
Gagarin - Primo nello spazio,2013,Павел Пархоменко,199327,tt2856930
Gangs of New York,2002,Martin Scorsese,3131,tt0217505
Il gatto... e il cappello matto,2003,Bo Welch,10588,tt0312528
Genius,2016,Michael Grandage,267192,tt1703957
George & A.J.,2009,Josh Cooley,72962,tt1552624
G-Force - Superspie in missione,2009,Hoyt Yeatman,19585,tt0436339
Ghost - Fantasma,1990,Jerry Zucker,251,tt0099653
Ghost in the Shell,1995,押井守,9323,tt0113568
Ghost in the Shell,2017,Rupert Sanders,315837,tt1219827
Ghostbusters,2016,Paul Feig,43074,tt1289401
Ghostbusters (Acchiappafantasmi),1984,Ivan Reitman,620,tt0087332
Ghostbusters II (Acchiappafantasmi II),1989,Ivan Reitman,2978,tt0097428
Ghosted,2023,Dexter Fletcher,868759,tt15326988
Giallo a Creta,1964,James Neilson,42795,tt0058371
Il giardino dei Finzi Contini,1970,Vittorio De Sica,4789,tt0065777
Il giardino delle vergini suicide,1999,Sofia Coppola,1443,tt0159097
Il giardino segreto,1949,Fred M. Wilcox,43439,tt0041855
Gifted - Il dono del talento,2017,Marc Webb,400928,tt4481414
Ginger & Rosa,2012,Sally Potter,121872,tt2115295
Giochi di potere,1992,Phillip Noyce,9869,tt0105112
Il giovane favoloso,2014,Mario Martone,283704,tt3152602
Giovani aquile,2006,Tony Bill,9664,tt0454824
Il giro del mondo in 80 giorni,1956,Michael Anderson,2897,tt0048960
Il giro del mondo in 80 giorni,2004,Frank Coraci,10204,tt0327437
Giù per il tubo,2006,"David Bowers, Sam Fell",11619,tt0424095
Giulietta e Romeo,1954,Renato Castellani,92784,tt0047029
Glass Onion - Knives Out,2022,"Nenad Pavlović, Rian Johnson",661374,tt11564570
Gli Aristogatti,1970,Wolfgang Reitherman,10112,tt0065421
Gli Incredibili 2,2018,Brad Bird,260513,tt3606756
Gli Incredibili 2,2018,Brad Bird,260513,tt3606756
Gli uccelli,1963,Alfred Hitchcock,571,tt0056869
Glory - Uomini di gloria,1989,Edward Zwick,9665,tt0097441
Gnomeo & Giulietta,2011,Kelly Asbury,45772,tt0377981
Godzilla II - King of the Monsters,2019,Michael Dougherty,373571,tt3741700
GoldenEye,1995,Martin Campbell,710,tt0113189
"Good Bye, Lenin!",2003,Wolfgang Becker,338,tt0301357
I Goonies,1985,Richard Donner,9340,tt0089218
Grace di Monaco,2014,Olivier Dahan,215211,tt2095649
Gran Torino,2008,Clint Eastwood,13223,tt1205489
Grand Budapest Hotel,2014,Wes Anderson,120467,tt2278388
Grand Hotel,1932,Edmund Goulding,33680,tt0022958
La grande bellezza,2013,Paolo Sorrentino,179144,tt2358891
La grande corsa,1965,Blake Edwards,11575,tt0059243
Il grande dittatore,1940,Charlie Chaplin,914,tt0032553
Il grande e potente Oz,2013,Sam Raimi,68728,tt1623205
Il grande Gatsby,1974,Jack Clayton,11034,tt0071577
Il grande Nord,2004,Nicolas Vanier,13678,tt0395514
Il grande sentiero,1964,John Ford,40630,tt0057940
Il grande silenzio,2005,Philip Gröning,11225,tt0478160
Grandi speranze,2012,Mike Newell,121674,tt1836808
Gravity,2013,Alfonso Cuarón,49047,tt1454468
The Gray Man,2022,,725201,tt1649418
The Greatest Showman,2017,Michael Gracey,316029,tt1485796
Green Book,2018,Peter Farrelly,490132,tt6966692
Gremlins,1984,Joe Dante,927,tt0087363
Grindhouse - A prova di morte,2007,Quentin Tarantino,1991,tt1028528
Le mie grosse grasse vacanze greche,2009,Donald Petrie,23049,tt0865559
Grosso guaio a Chinatown,1986,John Carpenter,6978,tt0090728
The Guardian - Salvataggio in mare,2006,Andrew Davis,4643,tt0406816
Guardiani della Galassia,2014,,118340,tt2015381
Guardiani della Galassia Vol. 2,2017,,283995,tt3896198
In guerra per amore,2016,Pif,403450,tt5263116
Guerre stellari,1977,George Lucas,11,tt0076759
Guerrieri del cielo e della terra,2003,He Ping,14797,tt0374330
Guru,2007,Mani Ratnam,15772,tt0499375
Gwai Lo: The Little Foreigner,2002,Jon M. Chu,1439885,tt10665628
Hachiko - Il tuo migliore amico,2009,Lasse Hallström,28178,tt1028532
Hancock,2008,Peter Berg,8960,tt0448157
Happy Feet,2006,George Miller,9836,tt0366548
Happy Feet 2,2011,George Miller,65759,tt1402488
Harry Potter e i Doni della Morte - Parte 1,2010,David Yates,12444,tt0926084
Harry Potter e i Doni della Morte - Parte 2,2011,David Yates,12445,tt1201607
Harry Potter e il calice di fuoco,2005,Mike Newell,674,tt0330373
Harry Potter e il prigioniero di Azkaban,2004,Alfonso Cuarón,673,tt0304141
Harry Potter e il principe mezzosangue,2009,David Yates,767,tt0417741
Harry Potter e la camera dei segreti,2002,Chris Columbus,672,tt0295297
Harry Potter e la pietra filosofale,2001,Chris Columbus,671,tt0241527
Harry Potter e l'ordine della fenice,2007,David Yates,675,tt0373889
The Hateful Eight,2015,Quentin Tarantino,273248,tt3460252
Heart of the Sea - Le origini di Moby Dick,2015,Ron Howard,205775,tt1390411
Heidi,2015,Alain Gsponer,365045,tt3700392
Heidi,2005,Paul Marcus,43625,tt0439197
Hello World,2019,伊藤智彦,604605,tt9418812
The Help,2011,Tate Taylor,50014,tt1454029
Hercules,1997,"Ron Clements, John Musker",11970,tt0119282
Hercules - Il guerriero,2014,Brett Ratner,184315,tt1267297
Hitch - Lui si che capisce le donne,2005,Andy Tennant,8488,tt0386588
Ho cercato il tuo nome,2012,Scott Hicks,77877,tt1327194
Hop,2011,Tim Hill,50359,tt1411704
Hot Shots!,1991,Jim Abrahams,9595,tt0102059
Hot Shots! 2,1993,Jim Abrahams,9255,tt0107144
Hotel Transylvania,2012,Genndy Tartakovsky,76492,tt0837562
Hotel Transylvania 2,2015,Genndy Tartakovsky,159824,tt2510894
Houdini - L'ultimo mago,2007,Gillian Armstrong,13910,tt0472071
Le avventure di Huck Finn,1993,Stephen Sommers,34723,tt0106223
Hugo Cabret,2011,Martin Scorsese,44826,tt0970179
Humandroid,2015,Neill Blomkamp,198184,tt1823672
Hurry Up Tomorrow,2025,Trey Edward Shults,1093237,tt26927452
I 7 magnifici Jerry,1965,Jerry Lewis,52122,tt0059166
I colori dell'anima - The Colors Within,2024,山田尚子,1056444,tt23951384
I Croods,2013,"Chris Sanders, Kirk DeMicco",49519,tt0481499
I due superpiedi quasi piatti,1977,Enzo Barboni,11689,tt0074442
I Fantastici 4,2005,Tim Story,9738,tt0120667
I Fantastici 4 e Silver Surfer,2007,Tim Story,1979,tt0486576
I Fantastici 4: Gli inizi,2025,Matt Shakman,617126,tt10676052
I guerrieri della notte,1979,Walter Hill,11474,tt0080120
I mercenari - The Expendables,2010,Sylvester Stallone,27578,tt1320253
I mercenari 2,2012,Simon West,76163,tt1764651
I mercenari 3,2014,Patrick Hughes,138103,tt2333784
I predatori dell'arca perduta,1981,Steven Spielberg,85,tt0082971
I Puffi,2011,Raja Gosnell,41513,tt0472181
I Puffi 2,2013,,77931,tt2017020
I racconti di Hoffmann,1951,"Michael Powell, Emeric Pressburger",44334,tt0044103
I racconti di Terramare,2006,宮崎吾朗,37933,tt0495596
I segreti di Wind River,2017,Taylor Sheridan,395834,tt5362988
I sette samurai,1954,Akira Kurosawa,346,tt0047478
I soliti idioti - Il film,2011,Enrico Lando,77941,tt2094019
I soliti sospetti,1995,Bryan Singer,629,tt0114814
I sospiri del mio cuore,1995,近藤喜文,37797,tt0113824
Ignazio di Loyola,2016,"Paolo Dy, Cathy Azanza",408323,tt5040624
Ikíngut,2000,Gísli Snær Erlingsson,72661,tt0271003
Il 7 e l'8,2007,"Giambattista Avellino, Salvatore Ficarra, Valentino Picone",48175,tt0999864
"Il bambino, la talpa, la volpe e il cavallo",2022,"Peter Baynton, Charlie Mackesy, Rachel Freck",995133,tt22667880
Il bandito delle 11,1965,Jean-Luc Godard,2786,tt0059592
Il bisbetico domato,1980,"Castellano, Pipolo",10986,tt0080439
"Il buono, il brutto, il cattivo",1966,Sergio Leone,429,tt0060196
Il castello errante di Howl,2004,Hayao Miyazaki,4935,tt0347149
Il castello nel cielo,1986,Hayao Miyazaki,10515,tt0092067
Il cavaliere oscuro,2008,Christopher Nolan,155,tt0468569
Il cavaliere oscuro - Il ritorno,2012,Christopher Nolan,49026,tt1345836
Il ciclone,1996,Leonardo Pieraccioni,38366,tt0115899
Il cigno nero,2010,Darren Aronofsky,44214,tt0947798
Il comandante Robin Crusoe,1966,Byron Paul,54227,tt0060640
Il computer con le scarpe da tennis,1969,Robert Butler,29228,tt0065566
Il conformista,1971,Bernardo Bertolucci,8416,tt0065571
Il corsaro nero,1971,Lorenzo Gicca Palli,52721,tt0066950
Il cowboy con il velo da sposa,1961,David Swift,19186,tt0055277
Il diavolo e l'acquasanta,1983,Bruno Corbucci,124207,tt0085438
Il diritto di contare,2016,Theodore Melfi,381284,tt4846340
Il domani non muore mai,1997,Roger Spottiswoode,714,tt0120347
Il fantasma del pirata Barbanera,1968,Robert Stevenson,16249,tt0062737
Il figlio di Babbo Natale,2011,Sarah Smith,51052,tt1430607
Il fuggitivo,1993,Andrew Davis,5503,tt0106977
Il gabinetto del Dr. Caligari,1920,Robert Wiene,234,tt0010323
Il gatto con gli stivali,2011,Chris Miller,417859,tt0448694
Il gatto venuto dallo spazio,1978,Norman Tokar,19378,tt0077305
Il giardino delle parole,2013,新海誠,198375,tt2591814
Il gigante di ferro,1999,Brad Bird,10386,tt0129167
Il giorno più lungo,1962,"Ken Annakin, Bernhard Wicki, Andrew Marton",9289,tt0056197
Il gobbo di Notre Dame,1996,"Gary Trousdale, Kirk Wise",10545,tt0116583
Il laureato,1967,Mike Nichols,37247,tt0061722
Il libro della giungla,1967,Wolfgang Reitherman,9325,tt0061852
Il libro della giungla 2,2003,Steve Trenbirth,14873,tt0283426
Il maestro e Margherita,2024,"Михаил Локшин, Владимир Голов, Colin Jones",586353,tt14536120
Il marchese del Grillo,1981,Mario Monicelli,32480,tt0082714
Il ministero della guerra sporca,2024,,799583,tt5177120
Il mio amico Robot,2023,Pablo Berger,838240,tt13429870
Il mio miglior nemico,2006,Carlo Verdone,38327,tt0486138
Il mio nome è Nessuno,1973,Tonino Valerii,9474,tt0070215
Il mio vicino Totoro,1988,Hayao Miyazaki,8392,tt0096283
Il mistero dei templari,2004,Jon Turteltaub,2059,tt0368891
Il mistero delle dodici sedie,1970,Mel Brooks,24918,tt0066495
Il mistero delle pagine perdute,2007,Jon Turteltaub,6637,tt0465234
Il mondo non basta,1999,Michael Apted,36643,tt0143145
Il mondo perduto - Jurassic Park,1997,Steven Spielberg,330,tt0119567
Il negoziatore,1998,F. Gary Gray,9631,tt0120768
Il padrino,1972,Francis Ford Coppola,238,tt0068646
Il padrino - Parte II,1974,Francis Ford Coppola,240,tt0071562
Il padrino - Parte III,1990,"Francis Ford Coppola, Aleta Chappelle",242,tt0099674
Il paradiso all'improvviso,2003,Leonardo Pieraccioni,61630,tt0392591
Il pianeta del tesoro,2002,"Ron Clements, John Musker",9016,tt0133240
Il piccolo principe,2015,Mark Osborne,309809,tt1754656
Il ponte di Remagen,1969,"John Guillermin, Lynn Stalmaster",15873,tt0064110
Il potere del cane,2021,Jane Campion,600583,tt10293406
Il primo appuntamento di Riley,2015,Josh Cooley,355338,tt4941804
Il primo Natale,2019,"Salvatore Ficarra, Valentino Picone",613080,tt10480532
Il Primo Re,2019,Matteo Rovere,565179,tt7278824
Il principe del deserto,2011,Jean-Jacques Annaud,77221,tt1701210
Il principe ladro,1951,Rudolph Maté,90976,tt0043935
Il professor Cenerentolo,2015,Leonardo Pieraccioni,371307,tt4835252
Il professore e il pazzo,2019,Farhad Safinia,411728,tt5932728
Il quinto elemento,1997,"Luc Besson, Bernard Grenet",18,tt0119116
Il racconto dei racconti - Tale of Tales,2015,Matteo Garrone,314405,tt3278330
Il ragazzo e l'airone,2023,Hayao Miyazaki,508883,tt6587046
Il ragazzo rapito,1960,Robert Stevenson,43037,tt0053994
Il re ed io,1999,Richard Rich,47288,tt0160429
Il re leone,1994,"Roger Allers, Rob Minkoff",8587,tt0110357
Il regno di Ga'Hoole - La leggenda dei guardiani,2010,Zack Snyder,41216,tt1219342
Il ritorno dello Jedi,1983,Richard Marquand,1892,tt0086190
Il ritorno di Mary Poppins,2018,Rob Marshall,400650,tt5028340
Il robot selvaggio,2024,Chris Sanders,1184918,tt29623480
Il segreto degli Incas,1954,Jerry Hopper,40790,tt0047464
Il Signore degli Anelli - Il ritorno del re,2003,Peter Jackson,122,tt0167260
Il Signore degli Anelli - La compagnia dell'anello,2001,Peter Jackson,120,tt0120737
Il Signore degli Anelli - Le due torri,2002,Peter Jackson,121,tt0167261
Il silenzio degli innocenti,1991,Jonathan Demme,274,tt0102926
Il sogno di Red,1987,John Lasseter,13926,tt0093832
Il sorpasso,1962,Dino Risi,24188,tt0056512
Il super team di Sanjay,2015,Sanjay Patel,345637,tt4661600
Il tempo che ci vuole,2024,Francesca Comencini,1103750,tt27952254
Il tuo amico topo,2007,Jim Capobianco,13061,tt1134859
Il vegetale,2018,Gennaro Nunziante,486078,tt7187860
Il velo dipinto,2006,John Curran,14202,tt0446755
Il vendicatore – Out for a kill,2003,Michael Oblowitz,30806,tt0323531
Il vento che accarezza l'erba,2006,Ken Loach,1116,tt0460989
Il vento e il leone,1975,John Milius,14815,tt0073906
Il vento fa il suo giro,2006,Giorgio Diritti,55717,tt0483206
Il visionario mondo di Louis Wain,2021,Will Sharpe,617762,tt10687506
The Illusionist - L'illusionista,2006,Neil Burger,1491,tt0443543
L'illusionista,2010,Sylvain Chomet,41201,tt0775489
I'm Not a Robot,2025,Victoria Warmerdam,1178556,tt19837932
The Imitation Game,2014,Morten Tyldum,205596,tt2084970
Immaturi,2011,Paolo Genovese,56909,tt1630637
Le implacabili lame di rondine d'oro,1966,胡金銓,26259,tt0059079
L'importanza di chiamarsi Ernest,2002,Oliver Parker,9026,tt0278500
Un'impresa da Dio,2007,Tom Shadyac,2698,tt0413099
In the mood for love,2000,Wong Kar-Wai,843,tt0118694
In the Name of the King,2007,Uwe Boll,2312,tt0460780
In Time,2011,Andrew Niccol,49530,tt1637688
Incontri ravvicinati del terzo tipo,1977,Steven Spielberg,840,tt0075860
Independence Day,1996,Roland Emmerich,602,tt0116629
Independence Day - Rigenerazione,2016,Roland Emmerich,47933,tt1628841
Indiana Jones e il regno del teschio di cristallo,2008,Steven Spielberg,217,tt0367882
Indiana Jones e il tempio maledetto,1984,Steven Spielberg,87,tt0087469
Indiana Jones e l'ultima crociata,1989,Steven Spielberg,89,tt0097576
L'infernale avventura,1946,Archie Mayo,22688,tt0038300
Inferno,2016,"Ron Howard, Jason Pomerantz",207932,tt3062096
L'inganno,2017,Sofia Coppola,399019,tt5592248
Inkheart - La leggenda di cuore d'inchiostro,2008,Iain Softley,2309,tt0494238
Innamorato pazzo,1981,"Castellano, Pipolo",11441,tt0082562
Inside Out,2015,Pete Docter,150540,tt2096673
Insurgent,2015,Robert Schwentke,262500,tt2908446
Interstate 60,2002,Bob Gale,20312,tt0165832
Interstellar,2014,,157336,tt0816692
Into the Storm - La guerra di Churchill,2009,Thaddeus O'Sullivan,36465,tt0992993
Into the Sun,2005,mink,24546,tt0358294
Into the Wild - Nelle terre selvagge,2007,Sean Penn,5915,tt0758758
Into the Woods,2014,Rob Marshall,224141,tt2180411
Intrigo internazionale,1959,Alfred Hitchcock,213,tt0053125
Invito a cena con delitto,1976,Robert Moore,6037,tt0074937
Io capitano,2023,Matteo Garrone,937746,tt14225838
"Io, me & Irene",2000,"Peter Farrelly, Bobby Farrelly",2123,tt0183505
Io non ho paura,2003,"Gabriele Salvatores, Fabiola Banzi",25300,tt0326977
Io prima di te,2016,Thea Sharrock,296096,tt2674426
"Io, robot",2004,Alex Proyas,2048,tt0343818
Io sono leggenda,2007,Francis Lawrence,6479,tt0480249
Io sto con gli ippopotami,1979,Italo Zingarelli,9031,tt0079351
Io vi dichiaro marito e... marito,2007,Dennis Dugan,3563,tt0762107
The Irishman,2019,Martin Scorsese,398978,tt1302006
Iron Man 2,2010,Jon Favreau,10138,tt1228705
Iron Man 3,2013,Shane Black,68721,tt1300854
L'isola misteriosa,1961,Cy Endfield,18993,tt0055207
The Italian Job,2003,F. Gary Gray,9654,tt0317740
Jack Reacher - La prova decisiva,2012,Christopher McQuarrie,75780,tt0790724
Jack Reacher - Punto di non ritorno,2016,"Edward Zwick, Jason Pomerantz",343611,tt3393786
Jackie,2016,Pablo Larraín,376866,tt1619029
James Bond 007 - Casino Royale,1967,"Joseph McGrath, Robert Parrish, Ken Hughes, John Huston, Val Guest",12208,tt0061452
Jane Eyre,1997,Robert Young,46203,tt0119404
Jason Bourne,2016,Paul Greengrass,324668,tt4196776
Lo chiamavano Jeeg Robot,2016,Gabriele Mainetti,364433,tt3775086
Jennifer's Body,2009,Karyn Kusama,19994,tt1131734
Jesus Christ Superstar,1973,Norman Jewison,12545,tt0070239
John Carter,2012,Andrew Stanton,49529,tt0401729
John Rambo,2008,Sylvester Stallone,7555,tt0462499
Johnny English,2003,Peter Howitt,9486,tt0274166
Johnny English - La rinascita,2011,Oliver Parker,58233,tt1634122
Johnny English colpisce ancora,2018,David Kerr,463272,tt6921996
Joker,2019,,475557,tt7286456
Joker: Folie à Deux,2024,Todd Phillips,889737,tt11315808
"Josée, la tigre e i pesci",2020,,652837,tt12879624
Jungle Cruise,2021,"Mary Vernieu, Marisol Roncali",451048,tt0870154
Jupiter - Il destino dell'universo,2015,"Lana Wachowski, Lilly Wachowski, Jason Pomerantz",76757,tt1617661
Jurassic Park,1993,Steven Spielberg,329,tt0107290
Jurassic Park III,2001,Joe Johnston,331,tt0163025
Jurassic World,2015,Colin Trevorrow,135397,tt0369610
Karamazov,1958,Richard Brooks,43138,tt0051435
Karate Kid II - La storia continua...,1986,John G. Avildsen,8856,tt0091326
Karate Kid III - La sfida finale,1989,John G. Avildsen,10495,tt0097647
Karate Kid: Legends,2025,Jonathan Entwistle,1011477,tt1674782
The Kármán Line,2014,Oscar Sharp,295329,tt2488744
Kiki - Consegne a domicilio,1989,Hayao Miyazaki,16859,tt0097814
Kinds of Kindness,2024,Yórgos Lánthimos,1029955,tt22408160
King Arthur,2004,Antoine Fuqua,9477,tt0349683
The King's Man - Le origini,2021,Matthew Vaughn,476669,tt6856242
Kingsman: Il cerchio d'oro,2017,Matthew Vaughn,343668,tt4649466
Kingsman: Secret Service,2015,Matthew Vaughn,207703,tt2802144
Knick Knack,1989,John Lasseter,13928,tt0097674
Knock Knock,2015,Eli Roth,263472,tt3605418
"Koda, fratello orso",2003,"Aaron Blaise, Robert Walker",10009,tt0328880
Krull,1983,Peter Yates,849,tt0085811
कुछ कुछ होता है,1998,Karan Johar,11854,tt0172684
Kung Fu Panda,2008,"Mark Osborne, John Stevenson",9502,tt0441773
Kung Fusion,2004,周星馳,9470,tt0373074
L.A. Confidential,1997,Curtis Hanson,2118,tt0119488
La battaglia di Midway,1976,Jack Smight,11422,tt0074899
La battaglia di Rio della Plata,1956,"Michael Powell, Emeric Pressburger",17591,tt0048990
La bella addormentata nel bosco,1959,Clyde Geronimi,10882,tt0053285
La bella e la bestia,1991,"Gary Trousdale, Kirk Wise",10020,tt0101414
La bella e la bestia - Un magico Natale,1997,Andy Knight,13313,tt0118692
La carica dei 101 - Questa volta la magia è vera,1996,Stephen Herek,11674,tt0115433
La carica dei 102 - Un nuovo colpo di coda,2000,Kevin Lima,10481,tt0211181
La casa dalle finestre che ridono,1976,Pupi Avati,57447,tt0074287
La collina dei papaveri,2011,宮崎吾朗,83389,tt1798188
La conversazione,1974,Francis Ford Coppola,592,tt0071360
La cosa,1990,Nanni Moretti,168735,tt0099307
La donna che visse due volte,1958,Alfred Hitchcock,426,tt0052357
La donna della cabina numero 10,2025,Simon Stone,1290879,tt7130300
La finestra sul cortile,1998,Jeff Bleckner,11603,tt0166322
La gang del bosco,2006,,7518,tt0327084
La grande scommessa,2015,Adam McKay,318846,tt1596363
La La Land,2016,Damien Chazelle,313369,tt3783958
La leggenda degli uomini straordinari,2003,Stephen Norrington,8698,tt0311429
La leggenda di Mor'du,2012,Brian Larsen,141423,tt2565938
La luna,2012,Enrico Casarosa,83564,tt1957945
La maledizione della prima luna,2003,Gore Verbinski,22,tt0325980
La matassa,2009,"Salvatore Ficarra, Valentino Picone, Giambattista Avellino",53957,tt1409836
La meravigliosa storia di Henry Sugar e altre tre storie,2024,Wes Anderson,1259365,tt31800329
La mia vita con John F. Donovan,2019,"Xavier Dolan, Carmen Cuba",291984,tt4042818
La mia vita da Zucchina,2016,Claude Barras,393559,tt2321405
La missione speciale di Dug,2009,Ronnie del Carmen,24589,tt1537759
La morte può attendere,2002,Lee Tamahori,36669,tt0246460
La mummia,1999,Stephen Sommers,564,tt0120616
La mummia - Il ritorno,2001,Stephen Sommers,1734,tt0209163
La nave matta di Mister Roberts,1955,"John Ford, Mervyn LeRoy",37853,tt0048380
La nostra città,1940,Sam Wood,23283,tt0032881
La notte arriva sempre,2025,Benjamin Caron,1254624,tt31567422
La nuova macchina di Mike,2002,"Pete Docter, Roger Gould",13931,tt0323250
La pantera rosa,2006,Shawn Levy,12096,tt0383216
La parola ai giurati,1957,Sidney Lumet,389,tt0050083
La partita di Geri,1997,Jan Pinkava,13929,tt0131409
La pazza storia del mondo,1981,Mel Brooks,10156,tt0082517
La principessa e il ranocchio,2009,"Ron Clements, John Musker",10198,tt0780521
La ragazza che saltava nel tempo,2006,細田守,14069,tt0808506
La ragazza del mare,2024,Joachim Rønning,774531,tt5177114
La ragazza del treno,2016,Tate Taylor,346685,tt3631112
La ricerca della felicità,2006,Gabriele Muccino,1402,tt0454921
La ricompensa del gatto,2002,Hiroyuki Morita,15370,tt0347618
La sirenetta,2023,Rob Marshall,447277,tt5971474
La sirenetta II - Ritorno agli abissi,2000,Jim Kammerud,10898,tt0240684
La spia che mi amava,1977,Lewis Gilbert,691,tt0076752
La sposa cadavere,2005,"Tim Burton, Mike Johnson",3933,tt0121164
La storia della principessa splendente,2013,高畑勲,149871,tt2576852
La tartaruga rossa,2016,Michael Dudok de Wit,337703,tt3666024
La teoria del tutto,2014,James Marsh,266856,tt2980516
La terza stella,2005,Alberto Ferrari,70153,tt0457708
La tunica,1953,Henry Koster,29912,tt0046247
La vendetta del Dragone,2009,爾冬陞,20083,tt1075419
La verità è che non gli piaci abbastanza,2009,Ken Kwapis,10184,tt1001508
La volpe e la bambina,2007,Luc Jacquet,5139,tt0756648
Il labirinto del fauno,2006,Guillermo del Toro,1417,tt0457430
Labyrinth - Dove tutto è possibile,1986,"Jim Henson, Jane Jenkins",13597,tt0091369
Labyrinth - Dove tutto è possibile,1986,"Jim Henson, Jane Jenkins",13597,tt0091369
Ladri di cadaveri - Burke & Hare,2010,John Landis,50204,tt1320239
The Lady - L'amore per la libertà,2011,Luc Besson,77878,tt1802197
Lady Bird,2017,Greta Gerwig,391713,tt4925292
Lady Oscar - Il film,1979,Jacques Demy,31551,tt0077827
Ladyhawke,1985,Richard Donner,526,tt0089457
L'aereo più pazzo del mondo,1980,"Jim Abrahams, David Zucker, Jerry Zucker",813,tt0080339
L'aereo più pazzo del mondo... sempre più pazzo,1982,Ken Finkleman,2665,tt0083530
L'agnello rimbalzello,2003,Bud Luckey,13062,tt0395479
L'ala o la coscia?,1976,"Claude Zidi, Roger Morand",761,tt0074103
L'amico della mia amica,1987,Éric Rohmer,64544,tt0092550
L'amore è eterno finché dura,2004,Carlo Verdone,22728,tt0402764
La lancia che uccide,1954,Edward Dmytryk,42328,tt0046808
L'appartamento,1960,Billy Wilder,284,tt0053604
L'appartamento spagnolo,2002,Cédric Klapisch,1555,tt0283900
L'apprendista stregone,2010,Jon Turteltaub,27022,tt0963966
Lara Croft: Tomb Raider - La culla della vita,2003,Jan de Bont,1996,tt0325703
L'Arca di Noè,2007,Juan Pablo Buscarini,46219,tt1068997
Last Action Hero - L'ultimo grande eroe,1993,John McTiernan,9593,tt0107362
Last Christmas,2019,"Paul Feig, Alice Searby, Fiona Weir",549053,tt8623904
The Last Stand - L'ultima sfida,2013,김지운,76640,tt1549920
L'attacco di Jack-Jack,2005,Brad Bird,13932,tt0455565
Lava,2014,James Ford Murphy,286192,tt3824386
Le 500 miglia e mezzo di Radiator Springs,2014,Rob Gibbs,286189,tt3755844
Le avventure di André & Wally B.,1984,Alvy Ray Smith,13924,tt0086855
Le avventure di Bianca e Bernie,1977,"Wolfgang Reitherman, John Lounsbery, Art Stevens",11319,tt0076618
Le avventure di Fiocco di Neve,2011,Andrés G. Schaer,85439,tt1429433
Le avventure di Peter Pan,1953,"Clyde Geronimi, Wilfred Jackson, Hamilton Luske",10693,tt0046183
"Le cronache di Narnia - Il leone, la strega e l'armadio",2005,Andrew Adamson,411,tt0363771
Le cronache di Narnia - Il principe Caspian,2008,Andrew Adamson,2454,tt0499448
Le cronache di Narnia - Il viaggio del veliero,2010,Michael Apted,10140,tt0980970
Le follie dell'imperatore,2000,Mark Dindal,11688,tt0120917
Le follie di Kronk,2005,"Saul Blinkoff, Elliot M. Bour",13417,tt0401398
Le grandi vacanze,1967,Jean Girault,11696,tt0060475
Le otto montagne,2022,"Francesco Vedovati, Charlotte Vandermeersch",803700,tt14641542
Le quattro piume,2002,Shekhar Kapur,9093,tt0240510
Le verità nascoste,2000,Robert Zemeckis,2655,tt0161081
"La leggenda di Al, John e Jack",2002,"Massimo Venier, Aldo Baglio, Giacomo Poretti, Giovanni Storti",38397,tt0345561
La leggenda di Robin Hood,1938,"Michael Curtiz, William Keighley",10907,tt0029843
The Legionary - Fuga all'inferno,1998,Peter MacDonald,3513,tt0126388
LEGO Ninjago: Il film,2017,,274862,tt3014284
Lemony Snicket - Una serie di sfortunati eventi,2004,Brad Silberling,11774,tt0339291
Léon,1994,Luc Besson,101,tt0110413
L'era glaciale,2002,Chris Wedge,425,tt0268380
L'era glaciale - In rotta di collisione,2016,Mike Thurmeier,278154,tt3416828
L'era glaciale 2 - Il disgelo,2006,Carlos Saldanha,950,tt0438097
L'era glaciale 3 - L'alba dei dinosauri,2009,Carlos Saldanha,8355,tt1080016
L'era glaciale 3 - L'alba dei dinosauri,2009,Carlos Saldanha,8355,tt1080016
L'era glaciale 4 - Continenti alla deriva,2012,"Steve Martino, Mike Thurmeier",57800,tt1667889
Leroy & Stitch,2006,"Bobs Gannaway, Tony Craig",21316,tt0486761
Les choristes - I ragazzi del coro,2004,Christophe Barratier,5528,tt0372824
L'esorcista,1973,William Friedkin,9552,tt0070047
Lettere da Berlino,2016,Vincent Perez,334522,tt3026488
Lettere da Iwo Jima,2006,Clint Eastwood,1251,tt0498380
Letters to Juliet,2010,Gary Winick,37056,tt0892318
Il libro della giungla,2016,"Jon Favreau, Sarah Halley Finn",278927,tt3040964
The Life of Chuck,2025,Mike Flanagan,842924,tt12908150
Lightyear - La vera storia di Buzz,2022,Angus MacLane,718789,tt10298810
Lilli e il vagabondo,1955,"Hamilton Luske, Clyde Geronimi, Wilfred Jackson",10340,tt0048280
Limitless,2011,Neil Burger,51876,tt1219289
L'immensità della notte,2019,Andrew Patterson,565743,tt6803046
L'Impero colpisce ancora,1980,Irvin Kershner,1891,tt0080684
L'impero dei cadaveri,2015,牧原亮太郎,342588,tt4235644
L'implacabile - The Running Man,1987,Paul Michael Glaser,865,tt0093894
Lincoln,2012,Steven Spielberg,72976,tt0443272
L'incredibile Hulk,2008,Louis Leterrier,1724,tt0800080
L'innocenza,2023,是枝裕和,1050035,tt23736044
L'isola misteriosa,1961,Cy Endfield,18993,tt0055207
Little Miss Sunshine,2006,"Valerie Faris, Jonathan Dayton",773,tt0449059
Liz e l'uccellino azzurro,2018,山田尚子,482150,tt7089878
Lo chiamavano Bulldozer,1978,Michele Lupo,11144,tt0077864
Lo chiamavano Trinità...,1970,Enzo Barboni,9394,tt0067355
Lo Schiaccianoci,2010,Andrej Končalovskij,49852,tt1041804
Lo smoking,2002,Kevin Donovan,10771,tt0290095
Lo specchio del desiderio,1983,Jean-Jacques Beineix,47489,tt0085878
Lo straordinario viaggio di T.S. Spivet,2013,Jean-Pierre Jeunet,157841,tt1981107
The Lobster,2015,Yórgos Lánthimos,254320,tt3464902
L'occhio che uccide,1960,Michael Powell,11167,tt0054167
L'odio,1995,"Mathieu Kassovitz, Gilles Sacuto",406,tt0113247
LOLA,2023,Andrew Legge,941019,tt11366674
Lolita,1997,Adrian Lyne,9769,tt0119558
L'ombrello blu,2013,Saschka Unseld,200481,tt2616880
The Long Road Home,1999,Craig Clyde,114533,tt0160481
The Long Walk - Se ti fermi muori,2025,Francis Lawrence,604079,tt10374610
Longlegs,2024,Osgood Perkins,1226578,tt23468450
L'ora legale,2017,"Salvatore Ficarra, Valentino Picone",435921,tt6137734
Lorax - Il guardiano della foresta,2012,Chris Renaud,73723,tt1482459
Lord of War,2005,Andrew Niccol,1830,tt0399295
Loro,2018,Paolo Sorrentino,541660,tt10182822
L'orso Yoghi,2010,Eric Brevig,41515,tt1302067
Lost in Translation - L'amore tradotto,2003,Sofia Coppola,153,tt0335266
Lou,2017,Dave Mullins,433471,tt6267732
Love & Pop,1998,Hideaki Anno,70846,tt0168972
I Love Shopping,2009,P.J. Hogan,20048,tt1093908
Luca,2021,Enrico Casarosa,508943,tt12801262
Luck,2022,Peggy Holmes,585511,tt7214954
Lucy,2014,Luc Besson,240832,tt2872732
Ludwig,1973,Luchino Visconti,3478,tt0068883
L'ufficiale e la spia,2019,Roman Polanski,399121,tt2398149
Lui è tornato,2015,David Wnendt,318917,tt4176826
L'ultima follia di Mel Brooks,1976,Mel Brooks,10970,tt0075222
L'ultima legione,2007,Doug Lefler,9703,tt0462396
L'ultimo boy scout - Missione: sopravvivere,1991,Tony Scott,9319,tt0102266
L'ultimo combattimento di Chen,1978,Robert Clouse,13333,tt0077594
L'ultimo dei Mohicani,1992,Michael Mann,9361,tt0104691
L'ultimo dei templari,2011,Dominic Sena,23047,tt0479997
L'ultimo lupo,2015,Jean-Jacques Annaud,309302,tt2909116
L'ultimo samurai,2003,Edward Zwick,616,tt0325710
L'uomo bicentenario,1999,Chris Columbus,2277,tt0182789
L'uomo che ama,2008,Maria Sole Tognazzi,24191,tt1202541
L'uomo che vide l'infinito,2016,,353326,tt0787524
L'uomo d'acciaio,2013,Zack Snyder,49521,tt0770828
L'uomo senza sonno,2004,Brad Anderson,4553,tt0361862
L'uovo dell'angelo,1985,押井守,15916,tt0208502
Lupin III - Il castello di Cagliostro,1979,Hayao Miyazaki,15371,tt0079833
"Luther - Genio, ribelle, liberatore",2003,Eric Till,5653,tt0309820
Luxo Junior,1986,John Lasseter,13925,tt0091455
Ma che bella sorpresa,2015,Alessandro Genovesi,328720,tt3916378
Ma come fa a far tutto,2011,Douglas McGrath,70868,tt1742650
maboroshi,2023,"Mari Okada, 城所聖明",845387,tt14935892
Macbeth,2015,Justin Kurzel,225728,tt2884018
Mad Max: Fury Road,2015,George Miller,76341,tt1392190
Madagascar,2005,"Eric Darnell, Tom McGrath",953,tt0351283
Madagascar 2,2008,"Eric Darnell, Tom McGrath",10527,tt0479952
Madagascar 3 - Ricercati in Europa,2012,"Eric Darnell, Conrad Vernon, Tom McGrath",80321,tt1277953
Madre!,2017,Darren Aronofsky,381283,tt5109784
Il maestro di violino,1976,Giovanni Fago,268509,tt0126407
Mafia!,1998,Jim Abrahams,9835,tt0120741
Maga Martina e il libro magico del Draghetto,2009,Stefan Ruzowitzky,30144,tt1176731
Magic in the Moonlight,2014,"Stéphane Foenkinos, Woody Allen",229297,tt2870756
Il mago di Oz,1939,Victor Fleming,630,tt0032138
Mai dire mai,1983,Irvin Kershner,36670,tt0086006
Maleficent,2014,Robert Stromberg,102651,tt1587310
"Mamma, ho allagato la casa",2002,Rod Daniel,12536,tt0329200
"Mamma, ho perso l'aereo",1990,Chris Columbus,771,tt0099785
"Mamma, ho preso il morbillo",1997,Raja Gosnell,9714,tt0119303
"Mamma, ho riperso l'aereo - Mi sono smarrito a New York",1992,Chris Columbus,772,tt0104431
Mamma Mia!,2008,Phyllida Lloyd,11631,tt0795421
Mamma Mia! Ci risiamo,2018,Ol Parker,458423,tt6911608
Man on Fire - Il fuoco della vendetta,2004,Tony Scott,9509,tt0328107
Marcellino pane e vino,1955,Ladislao Vajda,62395,tt0047216
Maria di Nazareth,2012,Giacomo Campiotti,180718,tt2224327
Maria di Nazareth,2012,Giacomo Campiotti,180718,tt2224327
Maria regina di Scozia,2018,"Alastair Coomer, Josie Rourke",457136,tt2328900
Maria regina di Scozia,2018,"Alastair Coomer, Josie Rourke",457136,tt2328900
Marie Antoinette,2006,Sofia Coppola,1887,tt0422720
Un marito per Cinzia,1958,Melville Shavelson,1377,tt0051745
Mars Attacks!,1996,Tim Burton,75,tt0116996
La maschera di ferro,1998,Randall Wallace,9313,tt0120744
Maschi contro femmine,2010,Fausto Brizzi,56014,tt1680099
Material Love,2025,Celine Song,1136867,tt30253473
Matrimoni e altri disastri,2010,Nina Di Majo,44897,tt1274297
Un matrimonio all'inglese,2008,Stephan Elliott,16899,tt0808244
Matrix,1999,"Larry Wachowski, Andy Wachowski",603,tt0133093
Matrix Reloaded,2003,"Lana Wachowski, Lilly Wachowski",604,tt0234215
Matrix Revolutions,2003,"Lana Wachowski, Lilly Wachowski",605,tt0242653
Maurice,1987,James Ivory,26371,tt0093512
Maximum Risk,1996,林嶺東,10861,tt0117011
MaXXXine,2024,Ti West,1023922,tt22048412
Maze Runner - La fuga,2015,Wes Ball,294254,tt4046784
Mazinga Z: Infinity,2017,志水淳児,452970,tt6470762
Megalopolis,2024,Francis Ford Coppola,592831,tt10128846
Megamind,2010,Tom McGrath,38055,tt1001526
Memento,2000,Christopher Nolan,77,tt0209144
Memories,1995,"大友克洋, 森本晃司, 岡村天斎",42994,tt0113799
Men in Black,1997,Barry Sonnenfeld,607,tt0119654
Men in Black 3,2012,Barry Sonnenfeld,41154,tt1409024
Men in Black II,2002,Barry Sonnenfeld,608,tt0120912
The Menu,2022,Mark Mylod,593643,tt9764362
Un mercoledì da leoni,1978,John Milius,18387,tt0077235
Metropolis,1927,Fritz Lang,19,tt0017136
Mezzogiorno e mezzo di fuoco,1974,Mel Brooks,11072,tt0071230
Mezzogiorno e mezzo di fuoco,1974,Mel Brooks,11072,tt0071230
Mi fido di te,2007,Massimo Venier,56972,tt0982898
Miami Supercops (I poliziotti dell'ottava strada),1985,Bruno Corbucci,10295,tt0089591
Mickey 17,2025,봉준호,696506,tt12299608
Midnight in Paris,2011,Woody Allen,59436,tt1605783
Il miglio verde,1999,Frank Darabont,497,tt0120689
Miller's Girl,2024,Jade Halley Bartlett,1026436,tt8310486
The Millionaire,2008,"Raj Zutshi, Danny Boyle",12405,tt1010048
Milo su Marte,2011,Simon Wells,50321,tt1305591
Un film Minecraft,2025,Jared Hess,950387,tt3566834
Minions,2015,"Kyle Balda, Pierre Coffin",211672,tt2293640
Minions,2015,"Kyle Balda, Pierre Coffin",211672,tt2293640
Minority Report,2002,Steven Spielberg,180,tt0181689
Miracolo nella 34ª strada,1994,Les Mayfield,10510,tt0110527
Mirai,2018,"細田守, 大口星子",475215,tt6900448
Miss Peregrine - La casa dei ragazzi speciali,2016,Tim Burton,283366,tt1935859
Miss Potter,2006,Chris Noonan,13967,tt0482546
Mission Impossible - The Final Reckoning,2025,Christopher McQuarrie,575265,tt9603208
Mission: Impossible,1996,Brian De Palma,954,tt0117060
Mission: Impossible - Dead Reckoning Parte uno,2023,Christopher McQuarrie,575264,tt9603212
Mission: Impossible - Fallout,2018,Christopher McQuarrie,353081,tt4912910
Mission: Impossible - Protocollo fantasma,2011,Brad Bird,56292,tt1229238
Mission: Impossible - Rogue Nation,2015,Christopher McQuarrie,177677,tt2381249
Mission: Impossible 2,2000,John Woo,955,tt0120755
Mission: Impossible III,2006,J.J. Abrams,956,tt0317919
Moby Dick - La balena bianca,1956,John Huston,10339,tt0049513
Monsters & Co.,2001,Pete Docter,585,tt0198781
Monsters University,2013,Dan Scanlon,62211,tt1453405
Monty Python - Il senso della vita,1983,Terry Jones,4543,tt0085959
Monuments Men,2014,George Clooney,152760,tt2177771
Moonacre - I segreti dell'ultima luna,2009,Gábor Csupó,18032,tt0396707
Moonfall,2022,,406759,tt5834426
Moonraker - Operazione spazio,1979,Lewis Gilbert,698,tt0079574
Moonrise Kingdom - Una fuga d'amore,2012,Wes Anderson,83666,tt1748122
Moonwalker,1988,"Colin Chilvers, Will Vinton, Jerry Kramer, Jim Blashfield",13192,tt0095655
Mostri contro alieni,2009,"Rob Letterman, Conrad Vernon",15512,tt0892782
Moulin Rouge!,2001,Baz Luhrmann,824,tt0203009
Mr. Bean - L'ultima catastrofe,1997,Mel Smith,1281,tt0118689
Mr. Bean's Holiday,2007,Steve Bendelack,1268,tt0453451
Mr. Magorium e la bottega delle meraviglie,2007,Zach Helm,2284,tt0457419
Mr. Peabody & Sherman,2014,Rob Minkoff,82703,tt0864835
Mrs. Doubtfire - Mammo per sempre,1993,Chris Columbus,788,tt0107614
Mucche alla riscossa,2004,"Will Finn, John Sanford",13700,tt0299172
Mulan,1998,"Tony Bancroft, Barry Cook",10674,tt0120762
Mulholland Drive,2001,David Lynch,1018,tt0166924
Mutanti,1982,Charles Band,48311,tt0084472
My Friend Flicka,1943,Harold D. Schuster,18992,tt0036182
My Hero Academia: Heroes Rising,2019,,592350,tt11107074
My Hero Academia: The Movie - Two Heroes,2018,,505262,tt7745068
My Hero Academia: The Movie - World Heroes' Mission,2021,,768744,tt13544716
Mystery Men,1999,Kinka Usher,9824,tt0132347
The Myth - Il risveglio di un eroe,2005,唐季禮,11653,tt0365847
Nanny McPhee - Tata Matilda,2005,Kirk Jones,11283,tt0396752
Il mio amico Nanuk,2014,"Brando Quilici, Roger Spottiswoode",287935,tt2390283
Napoleon Dynamite,2004,Jared Hess,8193,tt0374900
Nati con la camicia,1983,Enzo Barboni,11616,tt0085601
Nausicaä della Valle del vento,1984,Hayao Miyazaki,81,tt0087544
Nel paese delle creature selvagge,2009,Spike Jonze,16523,tt0386117
Nemico pubblico,1998,Tony Scott,9798,tt0120660
Neon Genesis Evangelion: The End of Evangelion,1997,"鶴巻和哉, Hideaki Anno",18491,tt0169858
Nessuna verità,2008,Ridley Scott,12113,tt0758774
Never Ending Man - Hayao Miyazaki,2017,荒川格,459414,tt6848624
Neverland - Un sogno per la vita,2004,Marc Forster,866,tt0308644
The New World - Il nuovo mondo,2005,Terrence Malick,11400,tt0402399
The Nice Guys,2016,Shane Black,290250,tt3799694
Nine,2009,Rob Marshall,10197,tt0875034
No Time to Die,2021,Cary Joji Fukunaga,370172,tt2382320
Nomad - The Warrior,2005,"Ivan Passer, Talgat Temenov, Sergei Bodrov",19495,tt0374089
Il nome della rosa,1986,Jean-Jacques Annaud,192,tt0091605
Non c'è due senza quattro,1984,Enzo Barboni,8833,tt0087481
Non c'è festa senza Rex,2012,Mark A. Walsh,130925,tt2340678
Non Ce Piu Religione,2017,,,
Non ci resta che piangere,1984,"Roberto Benigni, Massimo Troisi",27670,tt0087814
Non così vicino,2022,Marc Forster,937278,tt7405458
Non è un paese per vecchi,2007,"Joel Coen, Ethan Coen",6977,tt0477348
"Non guardarmi, non ti sento",1989,Arthur Hiller,11185,tt0098282
Non sposate le mie figlie!,2014,Philippe de Chauveron,262391,tt2800240
Nope,2022,Jordan Peele,762504,tt10954984
Norimberga,2025,James Vanderbilt,1214931,tt29567915
Notorious - L'amante perduta,1946,Alfred Hitchcock,303,tt0038787
Notting Hill,1999,Roger Michell,509,tt0125439
Nuovo Cinema Paradiso,1988,Giuseppe Tornatore,11216,tt0095765
Nuovo Cinema Paradiso,1988,Giuseppe Tornatore,11216,tt0095765
Nuremberg,2000,,,tt0208629
Oceania,2016,"John Musker, Ron Clements",277834,tt3521164
Ocean's 8,2018,Gary Ross,402900,tt5164214
Octopussy - Operazione piovra,1983,John Glen,700,tt0086034
Ofelia - Amore e morte,2019,Claire McCarthy,428836,tt5690810
Oldboy,2013,Spike Lee,87516,tt1321511
Oltre i confini del male: Insidious 2,2013,James Wan,91586,tt2226417
"Oltre le nuvole, il luogo promessoci",2004,新海誠,12924,tt0381348
Ombre rosse,1939,John Ford,995,tt0031971
One Day,2011,Lone Scherfig,51828,tt1563738
One Man Band,2005,"Mark Andrews, Andrew Jimenez",13933,tt0479113
Operazione Normandia,1956,Henry Koster,64129,tt0049117
Operazione sottoveste,1959,Blake Edwards,9660,tt0053143
Operazione Spy Sitter,2010,Brian Levant,23172,tt1273678
Operazione U.N.C.L.E.,2015,Guy Ritchie,203801,tt1638355
Oppenheimer,2023,Christopher Nolan,872585,tt15398776
The Order - L'Apocalisse,2001,Sheldon Lettich,37632,tt0193364
Orgoglio e pregiudizio,1940,Robert Z. Leonard,43818,tt0032943
Orizzonti di gloria,1957,Stanley Kubrick,975,tt0050825
Orlando,1992,Sally Potter,9300,tt0107756
Ortone e il mondo dei Chi,2008,"Steve Martino, Jimmy Hayward",12222,tt0451079
Orwell 1984,1984,Michael Radford,9314,tt0087803
Pacific Rim,2013,Guillermo del Toro,68726,tt1663662
Pacific Rim - La rivolta,2018,Steven S. DeKnight,268896,tt2557478
Paddington,2014,Paul King,116149,tt1109624
Le pagine della nostra vita,2004,Nick Cassavetes,11036,tt0332280
Palle in canna,1993,Gene Quintano,9644,tt0107659
Una pallottola spuntata,2025,Akiva Schaffer,1035259,tt3402138
Paprika - Sognando un sogno,2006,今敏,4977,tt0851578
Paradiso amaro,2011,Alexander Payne,65057,tt1033575
Paradiso hawaiano,1966,Michael D. Moore,18894,tt0059563
Il paradiso per davvero,2014,Randall Wallace,236751,tt1929263
Pari e dispari,1978,Sergio Corbucci,11367,tt0078058
Parto col folle,2010,Todd Phillips,41733,tt1231583
Parto con mamma,2012,Anne Fletcher,82687,tt1694020
Parzialmente nuvoloso,2009,Peter Sohn,24480,tt1425244
Passengers,2016,Morten Tyldum,274870,tt1355644
Il patto dei lupi,2001,Christophe Gans,6312,tt0237534
Pearl,2022,"Todd Rippon, Ti West",949423,tt18925334
Pearl Harbor,2001,Michael Bay,676,tt0213149
Pene d'amor perdute,2000,Kenneth Branagh,51333,tt0182295
Penguin Highway,2018,石田祐康,508422,tt8076344
Pennuti spennati,2000,Ralph Eggleston,13930,tt0248808
"Per favore, non toccate le vecchiette!",1968,"Mel Brooks, Alfa-Betty Olsen",30197,tt0063462
Per vincere domani - The Karate Kid,1984,John G. Avildsen,1885,tt0087538
Percy Jackson e gli dei dell'Olimpo - Il ladro di fulmini,2010,Chris Columbus,32657,tt0814255
Percy Jackson e gli Dei dell'Olimpo - Il mare dei mostri,2013,Thor Freudenthal,76285,tt1854564
Perfect Blue,1998,今敏,10494,tt0156887
Perfect Days,2023,"Wim Wenders, 元川益暢",976893,tt27503384
Un pesce di nome Wanda,1988,Charles Crichton,623,tt0095159
Pets - Vita da animali,2016,Chris Renaud,328111,tt2709768
Phantom,2013,Todd Robinson,152259,tt1922685
Philomena,2013,Stephen Frears,205220,tt2431286
Piacere Dave,2008,Brian Robbins,11260,tt0765476
Piccole canaglie,1994,Penelope Spheeris,10897,tt0110366
Piccole donne,2019,Greta Gerwig,331482,tt3281548
Piccole donne,1994,Gillian Armstrong,9587,tt0110367
Il piccolo Lord,1980,Jack Gold,38602,tt0081062
Piccolo Ragazzo di Montagna - Una campana per Ursli,2015,Xavier Koller,338072,tt4136636
Pinocchio,1940,"Hamilton Luske, Ben Sharpsteen, Jack Kinney, Bill Roberts, T. Hee, Norman Ferguson",10895,tt0032910
Pinocchio di Guillermo del Toro,2022,"Mark Gustafson, Mary Hidalgo, Guillermo del Toro",555604,tt1488589
Piovono polpette,2009,"Christopher Miller, Phil Lord",22794,tt0844471
Piovono polpette 2 - La rivincita degli avanzi,2013,"Kris Pearn, Cody Cameron",109451,tt1985966
Piper,2016,Alan Barillaro,399106,tt5613056
Pirati dei Caraibi - Ai confini del mondo,2007,"Gore Verbinski, Donald Dowd",285,tt0449088
Pirati dei Caraibi - La maledizione del forziere fantasma,2006,Gore Verbinski,58,tt0383574
Pirati! Briganti da strapazzo,2012,Peter Lord,72197,tt1430626
Pixels,2015,Chris Columbus,257344,tt2120120
Planes,2013,Klay Hall,151960,tt1691917
Planes 2 - Missione antincendio,2014,Bobs Gannaway,218836,tt2980706
Planet 51,2009,Jorge Blanco,16866,tt0762125
Platoon,1986,Oliver Stone,792,tt0091763
Pocahontas,1995,"Mike Gabriel, Eric Goldberg, Brian Chavanne, Ruth Lambert, Karen Margiotta",10530,tt0114148
Point Break - Punto di rottura,1991,Kathryn Bigelow,1089,tt0102685
Pokémon Detective Pikachu,2019,Rob Letterman,447404,tt5884052
Polar Express,2004,Robert Zemeckis,5255,tt0338348
Poliziotto superpiù,1980,Sergio Corbucci,11333,tt0082924
Una poltrona per due,1983,John Landis,1621,tt0086465
Pomi d'ottone e manici di scopa,1971,Robert Stevenson,12335,tt0066817
Il ponte delle spie,2015,Steven Spielberg,296098,tt3682448
Un ponte per Terabithia,2007,Gábor Csupó,1265,tt0398808
Ponyo sulla scogliera,2008,Hayao Miyazaki,12429,tt0876563
Popieluszko - Non si può uccidere la speranza,2009,Rafał Wieczyński,36400,tt1387528
Porco Rosso,1992,Hayao Miyazaki,11621,tt0104652
Porgi l'altra guancia,1974,Franco Rossi,11681,tt0072012
Un posto al sole,1951,George Stevens,25673,tt0043924
Il potere della spada,2005,Kim Young-jun,14763,tt0488763
Povere creature!,2023,Yórgos Lánthimos,792307,tt14230458
Predator: Badlands,2025,Dan Trachtenberg,1242898,tt31227572
Preferisco il paradiso,2010,Giacomo Campiotti,121576,tt1680043
Presto,2008,Doug Sweetland,13042,tt1245104
Pretty Woman,1990,Garry Marshall,114,tt0100405
Prime,2005,Ben Younger,2313,tt0387514
Principe azzurro cercasi,2004,"Garry Marshall, Marcia Ross, Donna Morong, Gail Goldberg",11130,tt0368933
Principessa Mononoke,1997,Hayao Miyazaki,128,tt0119698
Professore per amore,2014,Marc Lawrence,289727,tt2509850
Profondo Blu,2003,"Alastair Fothergill, Andy Byatt",11019,tt0365109
Profumo - Storia di un assassino,2006,Tom Tykwer,1427,tt0396171
Programmato per uccidere,1990,Dwight H. Little,10173,tt0100114
Project A - Operazione pirati,1983,Jackie Chan,21519,tt0085127
Project A II - Operazione  pirati 2,1987,Jackie Chan,21521,tt0092501
Promare: Galo-hen,2019,今石洋之,629014,tt11803614
Psyco,1960,Alfred Hitchcock,539,tt0054215
Qualcuno con cui correre,2006,Oded Davidoff,39301,tt0834955
A qualcuno piace caldo,1959,Billy Wilder,239,tt0053291
Qualcuno volò sul nido del cuculo,1975,Miloš Forman,510,tt0073486
Qualunquemente,2011,Giulio Manfredonia,56339,tt1680110
Quando c'era Marnie,2014,米林宏昌,242828,tt3398268
Quando il giorno incontra la notte,2010,Teddy Newton,40619,tt1620446
Quando la notte,2011,Cristina Comencini,77952,tt1680139
Quantum of Solace,2008,Marc Forster,10764,tt0830515
Quasi amici - Intouchables,2011,"Éric Toledano, Olivier Nakache",77338,tt1675434
Quei bravi ragazzi,1990,Martin Scorsese,769,tt0099685
Quei temerari sulle macchine volanti,1965,Ken Annakin,10338,tt0059797
Quel fantastico peggior anno della mia vita,2015,Alfonso Gomez-Rejon,308369,tt2582496
Quella sera dorata,2009,James Ivory,42819,tt0896923
"Questo pazzo, pazzo, pazzo, pazzo mondo",1963,Stanley Kramer,11576,tt0057193
A Quiet Passion,2016,Terence Davies,368942,tt2392830
Quo Vadis,1951,Mervyn LeRoy,11620,tt0043949
Quo vado?,2016,Gennaro Nunziante,374416,tt5290524
Racconti incantati,2008,Adam Shankman,10202,tt0960731
Radioactive,2020,"Marjane Satrapi, Katalin Baranyi",480857,tt6017756
Rain Man - L'uomo della pioggia,1988,Barry Levinson,380,tt0095953
Ralph spacca Internet,2018,"Rich Moore, Phil Johnston",404368,tt5848272
Ralph Spaccatutto,2012,Rich Moore,82690,tt1772341
Rampage - Furia animale,2018,Brad Peyton,427641,tt2231461
Rango,2011,Gore Verbinski,44896,tt1192628
Rapina a mano armata,1956,Stanley Kubrick,247,tt0049406
Il rapporto Pelican,1993,Alan J. Pakula,9944,tt0107798
Rapunzel - L'intreccio della torre,2010,"Byron Howard, Nathan Greno",38757,tt0398286
Rashomon,1950,Akira Kurosawa,548,tt0042876
Ratatouille,2007,Brad Bird,2062,tt0382932
Re della terra selvaggia,2012,Benh Zeitlin,84175,tt2125435
Ready Player One,2018,Steven Spielberg,333339,tt1677720
A Real Pain,2024,Jesse Eisenberg,1013850,tt21823606
Red e Toby nemiciamici,1981,"Richard Rich, Art Stevens, Ted Berman",10948,tt0082406
Red e Toby nemiciamici 2,2006,Jim Kammerud,9948,tt0465997
Le regole del caos,2015,Alan Rickman,283227,tt2639254
Remi,2018,Antoine Blossier,458302,tt6741368
Resistance,2011,Amit Gupta,96944,tt1391116
Revenant - Redivivo,2015,Alejandro González Iñárritu,281957,tt1663202
Ribelle - The Brave,2012,"Brenda Chapman, Mark Andrews",62177,tt1217209
Ricatto d'amore,2009,Anne Fletcher,18240,tt1041829
Ricomincio da capo,1993,Harold Ramis,137,tt0107048
Ricordati di me,2003,Gabriele Muccino,38970,tt0323807
Rin Tin Tin,2007,Danny Lerner,66733,tt0493443
Rio,2011,Carlos Saldanha,46195,tt1436562
Rio 2 - Missione Amazzonia,2014,Carlos Saldanha,172385,tt2357291
Ritorno al futuro,1985,Robert Zemeckis,105,tt0088763
Ritorno al futuro - Parte II,1989,Robert Zemeckis,165,tt0096874
Ritorno al futuro - Parte III,1990,Robert Zemeckis,196,tt0099088
Ritorno all'isola che non c'è,2002,Robin Budd,16690,tt0280030
Ritorno all'isola di Nim,2013,Brendan Maher,172386,tt2221648
Ritorno a Brideshead,2008,Julian Jarrold,12568,tt0412536
Ritratto della giovane in fiamme,2019,Céline Sciamma,531428,tt8613070
Ritual,2000,Stanley Bennett Clay,378181,tt0210952
The River Wild - Il fiume della paura,1994,Curtis Hanson,8987,tt0110997
Robin Hood - Principe dei ladri,1991,Kevin Reynolds,8367,tt0102798
Robin Hood - Un uomo in calzamaglia,1993,Mel Brooks,8005,tt0107977
RoboCop,1987,Paul Verhoeven,5548,tt0093870
The Rock,1996,Michael Bay,9802,tt0117500
Rocketman,2019,Dexter Fletcher,504608,tt2066051
Rogue One: A Star Wars Story,2016,Gareth Edwards,330459,tt3748528
Romeo + Giulietta di William Shakespeare,1996,Baz Luhrmann,454,tt0117509
Ronin,1998,John Frankenheimer,8195,tt0122690
La rosa dei nomi,1987,"Nene Grignaffini, Francesco Conversano",781680,tt0200065
Royal Affair,2012,Nikolaj Arcel,88273,tt1276419
Rullo di tamburi,1954,Delmer Daves,150875,tt0046936
Rush Hour - Due mine vaganti,1998,Brett Ratner,2109,tt0120812
Rush Hour 3 - Missione Parigi,2007,Brett Ratner,5174,tt0293564
Rushmore,1998,Wes Anderson,11545,tt0128445
Saawariya - La voce del destino,2007,"संजय लीला भंसाली, Amita Sehgal",16283,tt0758053
Sabotage,2014,David Ayer,144336,tt1742334
Salt,2010,Phillip Noyce,27576,tt0944835
Sammy 2 - La grande fuga,2012,"Ben Stassen, Vincent Kesteloot",113594,tt2288005
San Andreas,2015,Brad Peyton,254128,tt2126355
Santa Maradona,2001,"Marco Ponti, Mirta Guarnaschelli",56899,tt0289432
Saturday Night,2024,Jason Reitman,1120911,tt27657135
A Scanner Darkly - Un oscuro scrutare,2006,Richard Linklater,3509,tt0405296
Scappa - Get Out,2017,Jordan Peele,419430,tt5052448
Scarface,1983,Brian De Palma,111,tt0086250
Scary Movie,2000,Keenen Ivory Wayans,4247,tt0175142
Scary Movie 2,2001,Keenen Ivory Wayans,4248,tt0257106
Scary Movie 3 - Una risata vi seppellirà,2003,David Zucker,4256,tt0306047
Scary Movie 4,2006,"David Zucker, Harvey Lowry",4257,tt0362120
Lo schiaccianoci e i quattro regni,2018,"Lasse Hallström, Joe Johnston",426543,tt5523010
School of Rock,2003,Richard Linklater,1584,tt0332379
Scream,1996,Wes Craven,4232,tt0117571
Scream,2022,"Tyler Gillett, Matt Bettinelli-Olpin",646385,tt11245972
Scream 2,1997,Wes Craven,4233,tt0120082
Scream 3,2000,Wes Craven,4234,tt0134084
Scream 4,2011,Wes Craven,41446,tt1262416
Scream VI,2023,"Tyler Gillett, Matt Bettinelli-Olpin",934433,tt17663992
Se mi lasci ti cancello,2004,Michel Gondry,38,tt0338013
Se scappi ti trovo,2006,Rajeev Virani,33375,tt0397551
Se son rose...,2018,"Barbara Giordani, Leonardo Pieraccioni",558022,tt8515806
Segni particolari: bellissimo,1983,"Pipolo, Castellano, Pietro Innocenzi",68275,tt0086274
I segreti di Brokeback Mountain,2005,李安,142,tt0388795
Il segreto di Agatha Christie,1979,Michael Apted,31200,tt0078736
Sei giorni sette notti,1998,Ivan Reitman,6068,tt0120828
Sei vie per Santiago,2013,Lydia B. Smith,217576,tt2406422
Senti chi parla,1989,Amy Heckerling,9494,tt0097778
Serendipity - Quando l'amore è magia,2001,Peter Chelsom,9778,tt0240890
Sesso e fuga con l'ostaggio,1994,Adam Rifkin,10694,tt0109402
Sette anime,2008,Gabriele Muccino,11321,tt0814314
Sette anni in Tibet,1997,Jean-Jacques Annaud,978,tt0120102
Il settimo sigillo,1957,Ingmar Bergman,490,tt0050976
Seven,1995,David Fincher,807,tt0114369
Seven Swords,2005,徐克,10703,tt0429078
Sex and the City,2008,Michael Patrick King,4564,tt1000774
Shakespeare in Love,1998,John Madden,1934,tt0138097
Shazam!,2019,David F. Sandberg,287947,tt0448115
Sherlock - L'abominevole sposa,2016,Douglas Mackinnon,379170,tt3845232
Sherlock Holmes - Gioco di ombre,2011,Guy Ritchie,58574,tt1515091
Shining,1980,Stanley Kubrick,694,tt0081505
Si accettano miracoli,2015,Alessandro Siani,315319,tt3907790
Si alza il vento,2013,Hayao Miyazaki,149870,tt2013293
Si sente il mare,1993,望月智充,21057,tt0108432
Sicario,2015,Denis Villeneuve,273481,tt3397884
Sideways - In viaggio con Jack,2004,Alexander Payne,9675,tt0375063
Signori si nasce,1960,Mario Mattoli,67063,tt0054309
Silent Hill,2006,Christophe Gans,588,tt0384537
Sister Act - Una svitata in abito da suora,1992,Emile Ardolino,2005,tt0105417
Sister Act 2 - Più svitata che mai,1993,Bill Duke,6279,tt0108147
The Sixth Sense - Il sesto senso,1999,M. Night Shyamalan,745,tt0167404
The Sky Crawlers - I cavalieri del cielo,2008,押井守,15877,tt1056437
Skyfall,2012,Sam Mendes,37724,tt1074638
Skyscraper,2018,Rawson Marshall Thurber,447200,tt5758778
The Smashing Machine,2025,Benny Safdie,760329,tt11214558
I sogni segreti di Walter Mitty,2013,Ben Stiller,116745,tt0359950
Solaris,2002,Steven Soderbergh,2103,tt0307479
Solaris,1972,Andrei Tarkovsky,593,tt0069293
Sole rosso,1971,Terence Young,11842,tt0067770
Solo per i tuoi occhi,1981,John Glen,699,tt0082398
Solo: A Star Wars Story,2018,Ron Howard,348350,tt3778644
Solomon Kane,2009,MJ Bassett,32985,tt0970452
Songbird,2020,Adam Mason,721625,tt12592252
Sonic - Il film,2020,Jeff Fowler,454626,tt3794354
Sonic 2 - Il film,2022,Jeff Fowler,675353,tt12412888
Sonic 3 - Il film,2024,Jeff Fowler,939243,tt18259086
Sono Cose Che Capitano Ficarra E Picone,2026,,,
Sopravvissuto - The Martian,2015,Ridley Scott,286217,tt3659388
Sorry to Bother You,2018,Boots Riley,424781,tt5688932
Sotto assedio - White House down,2013,Roland Emmerich,117251,tt2334879
Sotto il segno del pericolo,1994,Phillip Noyce,9331,tt0109444
Soul,2020,Pete Docter,508442,tt2948372
A spasso con Bob,2016,Roger Spottiswoode,404378,tt3606888
Spectre,2015,Sam Mendes,206647,tt2379713
Speed,1994,Jan de Bont,1637,tt0111257
Speed Racer,2008,"Lana Wachowski, Lilly Wachowski",7459,tt0811080
Sperduti a Manhattan,1999,Sam Weisman,8970,tt0129280
Spia per caso,2001,陳德森,11847,tt0271946
Spider-Man - Un nuovo universo,2018,"Bob Persichetti, Peter Ramsey",324857,tt4633694
Spider-Man - Un nuovo universo,2018,"Bob Persichetti, Peter Ramsey",324857,tt4633694
Spider-Man 3,2007,Sam Raimi,559,tt0413300
Spider-Man: Far from Home,2019,Jon Watts,429617,tt6320628
Spider-Man: Homecoming,2017,,315635,tt2250912
Spider-Man: No Way Home,2021,Jon Watts,634649,tt10872600
SpongeBob - Amici in fuga,2020,Tim Hill,400160,tt4823776
SPY x FAMILY CODE: White,2023,片桐崇,1062807,tt26684398
A Star Is Born,2018,Bradley Cooper,332562,tt1517451
Star Wars: Episodio I - La minaccia fantasma,1999,George Lucas,1893,tt0120915
Star Wars: Episodio II - L'attacco dei cloni,2002,George Lucas,1894,tt0121765
Star Wars: Episodio III - La vendetta dei Sith,2005,George Lucas,1895,tt0121766
Star Wars: Gli ultimi Jedi,2017,Rian Johnson,181808,tt2527336
Star Wars: Il risveglio della Forza,2015,J.J. Abrams,140607,tt2488496
Star Wars: L'ascesa di Skywalker,2019,J.J. Abrams,181812,tt2527338
Stardust,2007,Matthew Vaughn,2270,tt0486655
Steve Jobs,2015,Danny Boyle,321697,tt2080374
Storia di una ladra di libri,2013,Brian Percival,203833,tt0816442
La storia fantastica,1987,Rob Reiner,2493,tt0093779
La storia infinita,1984,Wolfgang Petersen,34584,tt0088323
La Strada Di Paolo,2011,Salvatore Nocita,133609,tt2731260
La strana coppia,1968,Gene Saks,11356,tt0063374
La stranezza,2022,Roberto Andò,930921,tt17374778
Strange World - Un mondo misterioso,2022,Don Hall,877269,tt10298840
Stu - Anche un alieno può sbagliare,2006,Gary Rydstrom,13060,tt0945571
Studio 666,2022,BJ McDonnell,895744,tt15374070
Submerged - Allarme negli abissi,2005,Anthony Hickox,14180,tt0416243
The Substance,2024,Coralie Fargeat,933260,tt17526714
Suffragette,2015,Sarah Gavron,245168,tt3077214
Suite francese,2015,Saul Dibb,271674,tt0900387
Sul Trenino Rosso,2015,,,
Sunshine,2007,Danny Boyle,1272,tt0448134
Super Mario Bros. - Il Superfilm,1993,"Rocky Morton, Annabel Jankel",9607,tt0108255
Superman,2025,James Gunn,1061474,tt5950044
Susanna!,1938,Howard Hawks,900,tt0029947
Suzume,2022,新海誠,916224,tt16428256
"Synecdoche, New York",2008,Charlie Kaufman,4960,tt0383028
T2 Trainspotting,2017,Danny Boyle,180863,tt2763304
A te che conosci l’azzurro del cielo - Her Blue Sky,2019,,615165,tt10981202
Team America: World Police,2004,Trey Parker,3989,tt0372588
Ted,2012,Seth MacFarlane,72105,tt1637725
Ted 2,2015,Seth MacFarlane,214756,tt2637276
La tempesta perfetta,2000,"Wolfgang Petersen, Jane Jenkins",2133,tt0177971
Tempesta su Washington,1962,Otto Preminger,17185,tt0055728
I Tenenbaum,2001,Wes Anderson,9428,tt0265666
Tentazioni d'amore,2000,Edward Norton,4967,tt0171433
Tequila Connection,1988,Robert Towne,10396,tt0096244
Teresa Di Gesù Bambino E La Scoperta Del Volto Santo,2010,,,
Terminator,1984,James Cameron,218,tt0088247
Terminator Genisys,2015,Alan Taylor,87101,tt1340138
Terra madre,2009,Ermanno Olmi,396646,tt1362133
Il terzo uomo,1949,Carol Reed,1092,tt0041959
A testa alta,2004,Kevin Bray,11358,tt0351977
Tetris,2023,,726759,tt12758060
This Is England,2007,Shane Meadows,11798,tt0480025
Thor,2011,Kenneth Branagh,10195,tt0800369
Thor: The Dark World,2013,Alan Taylor,76338,tt1981115
Thor: Ragnarok,2017,Taika Waititi,284053,tt3501632
Thunderbolts*,2025,Jake Schreier,986056,tt20969586
Ti amo in tutte le lingue del mondo,2005,Leonardo Pieraccioni,44894,tt0493171
Ticker - Esplosione finale,2001,Albert Pyun,31002,tt0196158
Timecop - Indagine dal futuro,1994,Peter Hyams,8831,tt0111438
Tin Toy,1988,John Lasseter,13927,tt0096273
Titanic,1997,James Cameron,597,tt0120338
To Rome with Love,2012,Woody Allen,81836,tt1859650
Today You Die,2005,Don E. FauntLeRoy,8382,tt0431114
Tokyo Godfathers,2003,今敏,13398,tt0388473
Tokyo Joe,1949,Stuart Heisler,70113,tt0041967
Tolkien,2019,Dome Karukoski,468224,tt3361792
Tom & Jerry e Robin Hood,2012,"Spike Brandt, Tony Cervone",134623,tt2423422
"Tom, Dick e Harry",1941,Garson Kanin,86604,tt0034299
Tomb Raider,2018,Roar Uthaug,338970,tt1365519
Tomorrowland - Il mondo di domani,2015,Brad Bird,158852,tt1964418
Top Secret!,1984,"Jim Abrahams, Jerry Zucker, David Zucker",8764,tt0088286
Tora! Tora! Tora!,1970,"舛田利雄, Kinji Fukasaku, Richard Fleischer",11165,tt0066473
Torna a casa Lassie!,1943,Fred M. Wilcox,2202,tt0036098
Touch,2016,Noel Harris,570178,tt5576646
The Tourist,2010,Florian Henckel von Donnersmarck,37710,tt1243957
Toy Story - Vacanze hawaiane,2011,Gary Rydstrom,77887,tt1850374
Tra le nuvole,2009,Jason Reitman,22947,tt1193138
Train de vie - Un treno per vivere,1998,Radu Mihăileanu,8056,tt0170705
Transformers,2007,Michael Bay,1858,tt0418279
Transformers - Il risveglio,2023,,667538,tt5090568
Transformers - La vendetta del caduto,2009,Michael Bay,8373,tt1055369
Transformers - L'ultimo cavaliere,2017,Michael Bay,335988,tt3371366
Transformers 3,2011,Michael Bay,38356,tt1399103
Transformers 4 - L'era dell'estinzione,2014,Michael Bay,91314,tt2109248
Transformers One,2024,,698687,tt8864596
The Transformers: The Movie,1986,Nelson Shin,1857,tt0092106
Transporter - Extreme,2005,Louis Leterrier,9335,tt0388482
Trappola di cristallo,1988,John McTiernan,562,tt0095016
Tre uomini in fuga,1966,Gérard Oury,8290,tt0060474
Triple Frontier,2019,J.C. Chandor,399361,tt1488606
Tristan Und Isolde,2013,,,tt6494242
TRON,1982,Steven Lisberger,97,tt0084827
TRON: Ares,2025,Joachim Rønning,533533,tt6604188
TRON: Legacy,2010,Joseph Kosinski,20526,tt1104001
True Lies,1994,James Cameron,36955,tt0111503
Tuck Everlasting - Vivere per sempre,2002,"Jay Russell, Mary Gail Artz, Barbara Cohen",13768,tt0283084
Tulpan - La ragazza che non c'era,2009,Сергей Дворцевой,8939,tt0436854
Turbo Power Rangers - Il film,1997,"Shuki Levy, David Winning",6499,tt0120389
Twister,1996,Jan de Bont,664,tt0117998
Two Weeks Notice - Due settimane per innamorarsi,2002,Marc Lawrence,2642,tt0313737
Ultima notte a Warlock,1959,Edward Dmytryk,37412,tt0053434
Ultimatum alla Terra,2008,Scott Derrickson,10200,tt0970416
Un dollaro d'onore,1959,Howard Hawks,301,tt0053221
Un fantastico via vai,2013,"Leonardo Pieraccioni, Federico Boldrini Parravicini",243442,tt3004278
A un metro da te,2019,Justin Baldoni,527641,tt6472976
Un mostro a Parigi,2011,Bibo Bergeron,77459,tt0961097
Una battaglia dopo l’altra,2025,Paul Thomas Anderson,1054867,tt30144839
Una moglie bellissima,2007,Leonardo Pieraccioni,52214,tt1159231
Una notte al museo,2006,Shawn Levy,1593,tt0477347
Una notte al museo 2 - La fuga,2009,Shawn Levy,18360,tt1078912
Una notte al museo 3 - Il segreto del faraone,2014,Shawn Levy,181533,tt2692250
Una notte da leoni,2009,Todd Phillips,18785,tt1119646
Una notte da leoni 2,2011,Todd Phillips,45243,tt1411697
Una notte da leoni 3,2013,Todd Phillips,109439,tt1951261
Una notte a New York,2024,Christy Hall,843416,tt7461686
Una notte violenta e silenziosa,2022,Tommy Wirkola,899112,tt12003946
Una pallottola spuntata,1988,David Zucker,37136,tt0095705
Una pallottola spuntata 2½ - L'odore della paura,1991,David Zucker,37137,tt0102510
Una pallottola spuntata 33⅓ - L'insulto finale,1994,Peter Segal,36593,tt0110622
Una scatenata dozzina,2003,Shawn Levy,11007,tt0349205
Una spia e mezzo,2016,Rawson Marshall Thurber,302699,tt1489889
Una volta nella vita,2014,Marie-Castille Mention-Schaar,303483,tt3289126
Uno sceriffo extraterrestre... poco extra e molto terrestre,1979,Michele Lupo,10770,tt0079859
Unstoppable - Fuori controllo,2010,Tony Scott,44048,tt0477080
The Untouchables - Gli intoccabili,1987,Brian De Palma,117,tt0094226
Uomini & donne - Tutti dovrebbero venire... almeno una volta!,2005,Bart Freundlich,14057,tt0427968
Upgrade,2018,Leigh Whannell,500664,tt6499752
Vanilla Sky,2001,Cameron Crowe,1903,tt0259711
Velluto blu,1986,David Lynch,793,tt0090756
Vi presento Joe Black,1998,Martin Brest,297,tt0119643
Via da Las Vegas,1995,Mike Figgis,451,tt0113627
Viaggio al centro della Terra,2008,Eric Brevig,88751,tt0373051
Viaggio al centro della Terra,1959,Henry Levin,11571,tt0052948
Viaggio in Inghilterra,1993,Richard Attenborough,10445,tt0108101
Viaggio nell'isola misteriosa,2012,Brad Peyton,72545,tt1397514
Viaggio sola,2013,Maria Sole Tognazzi,184992,tt2261434
Viaggio verso Agartha,2011,新海誠,79707,tt1839494
Vita di Pi,2012,李安,87827,tt0454876
Vulcano - Los Angeles 1997,1997,Mick Jackson,10357,tt0120461
Wake of Death - Scia di morte,2004,Philippe Martinez,14172,tt0367478
Wake Up Dead Man - Knives Out,2025,Rian Johnson,812583,tt14364480
War Horse,2011,Steven Spielberg,57212,tt1568911
Warfare - Tempo di guerra,2025,"Ray Mendoza, Alex Garland",1241436,tt31434639
WarGames - Giochi di guerra,1983,John Badham,860,tt0086567
Whiplash,2014,Damien Chazelle,244786,tt2582802
Wichita,1955,Jacques Tourneur,114975,tt0048806
Willy Wonka e la fabbrica di cioccolato,1971,Mel Stuart,252,tt0067992
Winter Spring Summer or Fall,2024,Tiffany Paulsen,1059073,tt24515124
Witness - Il testimone,1985,Peter Weir,9281,tt0090329
Wonder,2017,Stephen Chbosky,406997,tt2543472
Wonder Woman,2017,Patty Jenkins,297762,tt0451279
Wonder Woman 1984,2020,Patty Jenkins,464052,tt7126948
World invasion,2011,Jonathan Liebesman,44943,tt1217613
X - A Sexy Horror Story,2022,"Desiree Rose Cheer, Ti West",760104,tt13560574
X-Men,2000,Bryan Singer,36657,tt0120903
X-Men - Apocalisse,2016,Bryan Singer,246655,tt3385516
X-Men - Giorni di un futuro passato,2014,Bryan Singer,127585,tt1877832
X-Men - L'inizio,2011,Matthew Vaughn,49538,tt1270798
X-Men 2,2003,Bryan Singer,36658,tt0290334
X-Men: First Class 35mm Special,2012,Tim Postins,691677,tt1948218
Yamakasi - I nuovi samurai,2001,"Julien Seri, Ariel Zeitoun",6935,tt0267129
Your Name.,2016,新海誠,372058,tt5311514
Zanna Bianca,1973,Lucio Fulci,58061,tt0069536
Zanna Bianca - Un piccolo grande lupo,1991,Randal Kleiser,12227,tt0103247
Zatoichi,2003,ビートたけし,246,tt0363226
Zoolander,2001,Ben Stiller,9398,tt0196229
Zoolander No. 2,2016,Ben Stiller,329833,tt1608290
Zootropolis 2,2025,"Jared Bush, Byron Howard",1084242,tt26443597
Zulu,1964,Cy Endfield,14433,tt0058777
